date,star,review,dow,dow_name,is_weekend,month
2025-07-23,4.0,옛날그맛 추억 그대로 김치는 조금 더 매워진것같아요,2,수,False,7
2025-07-23,5.0,"명동교자 본점 여전히 사람 많네요
김치가 알싸하게 매워요",2,수,False,7
2025-07-22,5.0,여기서만 맛볼 수 있는 맛!,1,화,False,7
2025-07-20,4.0,"예전에 참 충격적이게 맛있었는데 내가 변한건지,이곳이 변한건지..조금 짜고 이젠 먹다보면 속이 살짝 느글느글해진다김치가 맛있고, 그래도 여기만의 맛이 있는 곳!!
왜 사람이 많은지 먹어보면 수긍하게 되는 맛.",6,일,True,7
2025-07-17,5.0,언제나 변합없는 맛과 종업원분들은 친절하고 신속정확한 써비스 만족합니다,3,목,False,7
2025-07-13,5.0,"변하지않는맛..
너무맛있습니다..",6,일,True,7
2025-07-13,4.0,"오랜만에 방문했는데 인기와 맛은 여전하네요. 미리결제하고 번호대로 들어가니 편하고 좋습니다.
리필도 빨리해주고 잘먹었습니다",6,일,True,7
2025-07-11,4.0,"오랜만에 방문했는데 여전히 맛있어요
불친절한건 모르겠구...
음식 빨리나오고 여전히 맛있... 더보기",4,금,False,7
2025-07-08,1.0,2층 목소리 큰 알바 외국인 개무시하고 친절도 많이 떨어짐 오래다녔지만 많이 변했음,1,화,False,7
2025-07-06,1.0,이물질 나와도 절대 환불 안 해줌 그저 야채 탄 거라는 이상한 소리만 반복함 기사 보니까 위생상태로 말 많았는데 왜 가는 거지? 건물은 새 거라도 위생관념이 안 바뀌면 똑같음,6,일,True,7
2025-07-04,1.0,"여러 아쉬운 점이 있지만, 그 중 만두찜기가 플라스틱이라는 게 충격적이었어요. 테이블도 대충 닦고, 화장실은 공용 비누 하나 매달아 놓고.. 음식 맛도 그냥 그렇고요.",4,금,False,7
2025-07-03,4.0,은근 중독성 있음,3,목,False,7
2025-07-02,1.0,"1. 엄청 짜요..
2. 불친절해요  다른 테이블 외국분이 말을 못알아듣는데 본인 할말만 하고 가버리시더라고요
3. 면은 불어있고 제가 있는 테이블 사람들은 만두만먹고 면은 다 남기더라고요",2,수,False,7
2025-07-01,5.0,비빔국수가 너무 맛있어요,1,화,False,7
2025-06-29,4.0,"명동 나갈때 마다 가는곳인데.
이번에는 새로이 오픈한곳에 고고.
역시나 술술 넘어 가는... 더보기",6,일,True,6
2025-06-29,5.0,"이렇게 맛있고 가성비 좋은집을 왜들 그렇게 욕하는지 모르겠어요....
전 맛있고 좋기만 한데",6,일,True,6
2025-06-28,1.0,"한국인 차별하는 곳이니 외국인이면 가세요.
한국인보다 외국인들이 왕이고, 한국인 메뉴 늦게 주는게 당연한 곳. 특히 혼자 오면.

명동교자 한두번 온 거... 더보기",5,토,True,6
2025-06-26,1.0,"15년전에 명동성당과 가까운 곳에 있어서 지나가다 가끔 들려 먹곤했던 장소였어여.
최근에 갔다가 ..확장되어 크고 실내가 정리된 것은 좋은데.. 내 입맛이 변했을까요.? 안타까워요. 번잡한것 그 때도 그랬는데 직원들도 불친절해요.",3,목,False,6
2025-06-26,1.0,명동교자 언론 기사 찾아보세요. 위생 문제 관련기사 많습니다.,3,목,False,6
2025-06-26,5.0,"만두, 국수, 김치는 여기만의 노하우가 있는 거같아요
자주 방문하게 됩니다",3,목,False,6
2025-06-25,4.0,육수가 진함. 다만 면발이 퍼져서 식감은 그닥. 맵고 자극적인 김치와 교자가 잘 어울림.,2,수,False,6
2025-06-24,5.0,예전부터 먹어보고 싶었는데 기대 이상으로 맛있었어요 면도 부들부들 국물은 짭쪼름하고 마늘김치가 알싸하니 입맛을 돋... 더보기,1,화,False,6
2025-06-22,3.0,"맛3양3가격3친절3
깨끗하지 않음

멸치육수를 베이스로 ... 더보기",6,일,True,6
2025-06-22,4.0,"공휴일낮에 갔는데 웨이팅이 엄청 길어서 포기할까 하다가 섰는데 알고보니 건물 통으로? 다 명동교자여서 웨이팅이 개빨리 빠지고 다인줄 1명 2명용 줄이 나뉘어져있는 것도 좋았음
칼국수는 짭짤하고 국... 더보기",6,일,True,6
2025-06-22,2.0,그냥 평범하고 걸쭉한 칼국수. 이걸 대체 왜 줄서서 먹는지 이해할 수 없음.,6,일,True,6
2025-06-21,2.0,다 그렇진 않은데 중국어 하는 여자분 불친절이 도를 넘은듯,5,토,True,6
2025-06-18,1.0,"지극히 개인적인 후기입니다.
오후5시30분쯤 기다리지 않고 바로 입장했고 나오는데 1층계단까지 줄서있었어요
우선 맛. 칼국수는 국물맛이 아주 익숙한맛이 느껴지며,며느리도 모른다는 어머니의 비법... 더보기",2,수,False,6
2025-06-18,4.0,언제 먹어도 맛있음. 변하지 않는 맛집,2,수,False,6
2025-06-18,1.0,너무 불친절해요. 만두를 주문했는데 김치가 너무 매워 국물을 조금만 달라고 했더니 칼국수를 시켜야 국물이 나오는거라며 매정하게 거절한다. 국물 없이 매운 김치 먹고 하루 종일 속이 쓰렸다. 외국인 관광객이 많이 찾는 음식점이라 서비스 개선을 기대하며 이 글을 남긴다.,2,수,False,6
2025-06-16,1.0,부끄러운 줄 알아야지,0,월,False,6
2025-06-16,3.0,"10년전에 주 23회는 다녔던 곳인데..
세월이 좀 흐른 다음에 다시 찾았는데..
옛날 그맛이 아... 더보기",0,월,False,6
2025-06-15,3.0,"사람들이 항상 많은곳 

웨이팅 없이 바로 입장해서 콩국수 먹었는데 평범하고 김치는 엄청 매워서 외국인들은 더 먹기 힘들거 같음",6,일,True,6
2025-06-15,4.0,"칼국수 다 먹고 밥 말아먹으러 가는 곳이였는데, 건물 살려고 했던건지 1메뉴 1밥 한정에 밥도 쥐꼬리만하게 주고 난 뒤로는 덜 가게 됨. 그래도 칼국수 맛은 있어요. 코로나 전에는 1주일에 한번씩 갔을 정도로 아버지의 추억 맛집.",6,일,True,6
2025-06-14,3.0,"칼국수는 짬뽕처럼 불향이 나서 좋아요
비빔국수는 평균 미달... 더보기",5,토,True,6
2025-06-13,5.0,양 많아요 둘이가서 만두하나 칼국수하나 시켰는데 둘 다 남기고왔어요 사실 만두는 그냥 만두 맛이었는데 칼국수에 양파를 캐러멜라이징 하신건지.. 독특한 맛이었어요 칼국수 먹고싶으면 또 방문할 맛.. 웨이팅이 긴데 금방 빠져서 괜찮아요 김치에선 다진마늘맛이 많이나요 데이트할땐 김치는 삼가하셔다들,4,금,False,6
2025-06-13,3.0,"고기국물 맛을 즐긴다면 그럭저럭
10분 이상 대기해서 먹을 정도는 아닌 듯
죄석 자체도 좁은데 합... 더보기",4,금,False,6
2025-06-10,3.0,"맛없을수 없는 msg맛,
욕은 아니고 진짜 맛있긴함
근데 너무 짬",1,화,False,6
2025-06-10,5.0,"직원분들 딱딱 체계적으로 일함
맛? 특색있음 대체불가
가성비... 더보기",1,화,False,6
2025-06-09,4.0,"여기만의맛이있는건확실함!가끔생각남
콩국수도맛있당!!",0,월,False,6
2025-06-08,2.0,"칼국수 11000

마늘 향이 상당한 김치, 담백한 칼국수 국물, 앉은지 1분도 안 돼... 더보기",6,일,True,6
2025-06-07,5.0,칼국수의 본좌와도 같은 곳.만... 더보기,5,토,True,6
2025-06-07,1.0,비위생 불친절,5,토,True,6
2025-06-07,3.0,"칼국수와 김치가 특색있고 맛있으나,
재방문은 하고싶지 않습니다. 종업원 분들이 시종일관 귀찮은 표정과 말투입니다. 다먹었으면 치워드릴까요? 이말만 처음이자 마지막으로 상냥하게 내뱉으시기에 속으로 헛웃... 더보기",5,토,True,6
2025-06-04,3.0,"아주 유명한 집이지만, 한번이상 갈 이유는 없습니다. 조금 불친절한 감이있지만, 바쁜 가게니 어쩔 수 없을것 같습니다. 외국인들도 많네요.",2,수,False,6
2025-06-03,5.0,친절은 아쉽..,1,화,False,6
2025-06-03,5.0,"우리가 쉽게 평을 내릴 수 있는 집이 아니라, 
이집 칼국수를 좋아하면 칼국수를 잘 아는 사람이 되는 거임.
그정도로 근본인 식당.",1,화,False,6
2025-06-03,1.0,돈을  너무 많이벌었나  맛에비해  값이너무  비싸고   불친절합니다   왼만함  가지마세요  김치외에는  먹을게  없네요  ,1,화,False,6
2025-06-03,4.0,"2025.06. 최신후기
대선날 11시방문, 웨이팅없었음
최근 신관오픈해서 언제가도 거의웨이팅X
있더라도 5분내입... 더보기",1,화,False,6
2025-06-01,1.0,"신관 생겼다길래 오랜만에 갔다가 완전 실망. 전체적으로 간도 싱거워지고, 뭔 신관이 구내식당 분위기? 다시는 갈 이유가 하나도 없음.",6,일,True,6
2025-05-31,5.0,",          !   2017     ,    !!",5,토,True,5
2025-05-30,1.0,맛없다 ,4,금,False,5
2025-05-30,3.0,"칼칼한 마늘맛이 느껴짐
음",4,금,False,5
2025-05-30,4.0,리뷰가 맞아요  마늘 김치가 제 최애인데 같이 간 엄마는 별로라하고요. 칼국수는 조금 쫄깃하기를 바랬지만 엄마는 최고의 칼국수라 하시고요. 같이 나온 교자는 너무 부드럽고 맛있어 이견이 없어요. 국물도 좋고요. 혼밥하기에도 좋아요. 재방문 할 거예요. 다만 서비스는 조금 개... 더보기,4,금,False,5
2025-05-29,3.0,맛있는데 혼자 갔더니 합석 진짜 개쪼끄만 테이블에 남이랑 마주보고 먹어야해서 좀 많이 머쓱함 그리고 내가 맵찔이 기질이 있어서 그런가 유명한 김치도 맛은 있는데 넘 매웠음 국수 다먹고 밥 말아먹는건 좋았음,3,목,False,5
2025-05-26,5.0,"칼국수도 맛있지만 만두도 진짜 맛있음
근데 테이블이 너무 다닥다닥이고
오가는 사람이 많아서 정신이없음.... 더보기",0,월,False,5
2025-05-24,1.0,"콩국물이 짜니 국물 조금만 더주세요 했더니
다른 사람들은 아무말없이 먹으니
그냥 먹... 더보기",5,토,True,5
2025-05-24,2.0,"여기는 어차피 사실상 한국이 아니기 때문에 애초부터 상식, 위생, 친절, 합리 따위는 전혀 기대하고 가지 않았고 그냥 원조맛집 맛 한번 보려고 갔다... 더보기",5,토,True,5
2025-05-22,5.0,자극적이고 매운 거 좋아하면 추천합니다 혼밥하기 좋긴 한데 혼밥은 주로 4인 테이블이라 2명 팀 옆에 앉으면 좀 머쓱해져요 불친절한 건 모르겠고 추가 주문할 때는 워낙 시끄럽고 분주해서 좀 힘들 수도 있을 것 같아요 양도 많습니다,3,목,False,5
2025-05-22,5.0,"김치개맛집 혼자 명동가면 무조건 여기감 혼밥개꿀
호불호좀 있는모양인데 내입맛엔 잘맞음
바빠서 그런지 종업원분들이 친절하기가 어려움",3,목,False,5
2025-05-18,2.0,"친절은 아니지만 불친절도 아니고 김치가 매워도  묘하게 생각나는 맛집이라 꾸준히 다녔는데 최근은 진짜 맛도 서비스도 별로네요...
직원들이 갑이고 손님들은 알아서 물 떠다 마시고  김치뚜껑 닫고  ... 더보기",6,일,True,5
2025-05-18,4.0,콩국수가 맛도리 나머지는 쏘쏘,6,일,True,5
2025-05-17,4.0,"유명한만큼 회전율 좋아서 바로 먹어서 좋았음
생각보다 싼 가격은 아니었는데 그래도 배부르게 잘 먹었음
맛이 되게 고기고기함",5,토,True,5
2025-05-16,5.0,콩국수 처돌이들은 꼭 가세요,4,금,False,5
2025-05-16,1.0,"10년전이나 지금이나, 진짜 거품의 교과서 같은 곳. 
서비스? 매너? 맛집? 아무 것도 없는 과장광고의 표본.",4,금,False,5
2025-05-12,4.0,맛있어요 매운 김치가 특징,0,월,False,5
2025-05-12,5.0,"명동 근처에서 배고파지면
명동교자 김치맛이 떠올라서 또 가게 된당..
김치가 너무 맛있어서 어쩔 수 없엉",0,월,False,5
2025-05-09,1.0,칼국수는 평범하고 만두는 비싸고 작고 직원 서비스는 최악이고,4,금,False,5
2025-05-09,1.0,"칼국수 평범, 만두 맛없음",4,금,False,5
2025-05-09,3.0,"첫 방문이라 기대하고 갔지만 쏘쏘 내 취향이 아닌지도 
고기맛이 진한 칼국수의 맛과 피가 얇은 만두 
마늘맛이 많이 나는 매운 김치는 좋았다.",4,금,False,5
2025-05-08,4.0,맛은 있습니다. 한번 먹으면 담에 또 생각나요. 가성비는 뭐 좋은편은 아닙니다. 이곳의 가장 큰 장점은 정말 빠르게 서빙되어 옵니다. 그래서 줄이 길어도 웨이팅 할만해요. 회전이 빠르니까요. 케바케지만 직원분들이 친절할때도 있고 별루일때도 있고..음식맛은 변치않고 좋네요,3,목,False,5
2025-05-07,1.0,"여행객 아니면 절대 가지 마세요.
심각하게 불친절 하네요.
저흰 3층 9번 자리였던 것 같습니다.
주문, ... 더보기",2,수,False,5
2025-05-06,4.0,"비빔국수는 비추  
워낙 유명해서 말들이 많지만 그래도 명동교자는 맛있다.",1,화,False,5
2025-05-05,5.0,"형 믿고 먹어라
마늘 김치
마늘... 더보기",0,월,False,5
2025-05-04,1.0,"맛있다고 느껴서 늘 생각나는 곳. 

안가는 이... 더보기",6,일,True,5
2025-05-04,1.0,"3인이상 후문가라고 해서 후문가서 줄 섰는데
막상 내 차례되니까 애기는 안된다고 다시 2인가서
줄스라고... 더보기",6,일,True,5
2025-04-30,3.0,Food was okayish. Worth trying once,2,수,False,4
2025-04-28,5.0,"명동하면 떠오르는곳
마늘향 듬뿍 나는 김치가 별미",0,월,False,4
2025-04-27,5.0,웨이팅이 조금 있지만 금방 빠지고 주문을 하면 1분 정도에 엄창 빨리 나오고 마늘김치도 맛있게 맵습니다!,6,일,True,4
2025-04-17,1.0,입구안내원분 싸가지를 칼국수에 말아드셨나봐요,3,목,False,4
2025-04-14,2.0,"돌아가신 아버지가 좋아하셨던 명동교자의 칼국수와 만두! 명동방문때마다 방문해왔다  어제같이 간 조카에게 말했다  이젠  다시 오지말자  올때마다그랬지만 어제는
입구안내원들의 위압적 안내에... 더보기",0,월,False,4
2025-04-13,5.0,"어렸을 때부터 사랑하는 곳
서비스는 기대하면 안되고 걍 앉으면 바로 나오고 후루룩 먹고 나오는 곳",6,일,True,4
2025-04-08,3.0,생각보다 면이 너무 퍼져있어서 식감이 아쉬웠습니다. 국물은 다시다 감칠맛이 강해요. 김치랑 교자가 맛있었습니다. 회전율은 엄청 빠른편이에요,1,화,False,4
2025-04-06,4.0,"오래전 처음 먹었을 때,이런맛의 칼국수가 있구나 했지요. 취향이 아닐수도 있지만,안 드셔보셨다면 한번은  드셔보시길. 마늘,고추가루 등 양념 가득 김치도.",6,일,True,4
2025-04-06,5.0,"국물 맛이 진짜 진짜 역대급 맛있었어요
밥이랑 면사리도 무료 추가 가능",6,일,True,4
2025-04-05,1.0,"2인자리에 의자 두고
통로 자리에 한명 앉게해서 3명이... 더보기",5,토,True,4
2025-04-05,1.0,오랜 단골인데... 이번에는 진짜 밥맛 떨어지는 서비스에 갑질은 다하고 장사 잘 되서 그런지 손님한테 큰 소리 치는... 더보기,5,토,True,4
2025-04-02,5.0,진짜맛집..,2,수,False,4
2025-04-02,4.0,포장으로 먹었는데 아쉬웠어요 너무 맛있어서 담엔 꼭방문해서 먹어보려구요,2,수,False,4
2025-04-01,2.0,맛은 괜찮은데 종업원 분들이 너무 불친절하고 공격적입니다.,1,화,False,4
2025-03-30,3.0,"맛있고 좀더럽고 정신사납고 시끄럽고 좁고 근데
맛있고",6,일,True,3
2025-03-29,5.0,내돈내산 명동 맛집 명동교자 칼국수 믿고 먹는 단골집  관광객 발길이 끊이지 않는 곳입니다. 명동 맛집 명동교자입니다. 워낙 유명한 곳입니다. 미쉐린가이드에 매년 선정되는 곳입니다.... 더보기,5,토,True,3
2025-03-28,2.0,"맛있음,근데 카드 리더기에 데려가더니 알아서 결제 하라고 카드리더기를 그냥 넘기시는게 어이가 없었습니다. 제가 카드 리더기 쓰는 법을 어떻게 압니까 다른 외국인이나 어르신 한테는 다 해주시던데 그분들 보다 젊으면 그냥 둬도 괜찮은건가요.",4,금,False,3
2025-03-26,5.0,"본점 앞에서 안내해주시는 여자 직원분이 너무 친절하고 외국인 관광객들 대상으로 영어, 일본어 안내도 잘 해주셔서 기다리면서 감탄했습니다!!! 대단하시더라구요! 맛은 언제나 그 맛이었어요",2,수,False,3
2025-03-26,4.0,"언제가도 항상 맛있습니다
마늘맛이 물씬풍겨나는 김치가 참 매력적이지만
많이 드시면 속이 쓰릴수 있다는 점과 더불어 입에서 풍기는 마늘향은 보너스",2,수,False,3
2025-03-25,4.0,"언제나 북적벅적
가끔 생각나는 맛.",1,화,False,3
2025-03-23,1.0,직원 아주 불친절 밥맛 떨어짐,6,일,True,3
2025-03-22,5.0,긋 말이 필요없는 칼국수맛 !!!,5,토,True,3
2025-03-21,2.0,"명동에서 명동교자가 유명하다고 해서 방문해 보았습니다. 유명한 곳 답게 사람이 많고 웨이팅 있습니다. 사람이 많다보니 직원분들이 친절하진 않으십니다.

음식은 빨리... 더보기",4,금,False,3
2025-03-19,3.0,1층에서 줄서있다가 이제 우리 차례인데 갑자기 2층으로 올라가라해서 올라갔더니 2층에서 다시 줄서라고 해서 화났음..줄옆자리에 앉아서 계속 새로운 사람들 보면서 먹었고... 더보기,2,수,False,3
2025-03-19,4.0,구설수가 많은 것은 오래 있었기 때문.,2,수,False,3
2025-03-18,3.0,"이곳이 왜본점이지?
아래가 본점있던자리인데
아래도 있던데
그리고 ... 더보기",1,화,False,3
2025-03-17,4.0,"명동 대표 맛집이어서 자주 가긴 하지만,
위생이 아쉬울때가 있네요.
그릇과 수저에 이물질이 묻어있는 경우를 종종 봄.
... 더보기",0,월,False,3
2025-03-15,1.0,가격이 싸지도 응대가 친절하지도 매장이 쾌적하지도 맛이 엄청나지도 않은데 왜이렇게 사람이 많나요,5,토,True,3
2025-03-12,2.0,맛이 뭐 없는 편은 아닌데 그렇다고 여기까지 와서 먹을만한 맛은 아닌듯. 그냥 평범한 만두였고... 외국인 관광객들이 많아서 밥이 코로들어가는지 입으로들어가는지 모르겠어요. 자리도 닭장마냥 너무 좁고... 그릇 잘 안 닦여있는 건 기본이고... 바닥 찐득거리고... 굳이 이 인파에 낑겨서 먹지는 마세요 또 오진 않을듯,2,수,False,3
2025-03-12,1.0,이물이 혼입칼날 또는 동물,2,수,False,3
2025-03-11,4.0,만두는 평범하지만 칼국수는 맛있습니다.,1,화,False,3
2025-03-10,1.0,맛도 기대한맛이 아니고 넘 맹탕이던데 직원들도 너무 불친절함..일단 줄세우는 아저씨부터가 여기서래서 섰더니 잠시후에 여기 아니라고 뒤에 서라고 눈을 부라리면서 화를내서 황당 너무 좁아서 알바들도 불안하고 직원들도 화장실가는 손님한테 여기... 더보기,0,월,False,3
2025-03-07,4.0,"처음 명동오는 사람 명동에서 만날때마다 한번씩 데려감. 명동 왔는데 명동교자 안먹이면 왠지 명동 안온 느낌 받을거 같음.
자리 많아서 금방금방 들어가... 더보기",4,금,False,3
2025-03-05,1.0,"2인용 좌석,완전 죄수석 같은 느낌. 넓은 곳으로 옮겼으면 2인용 자리도 좀 여유있게 만들지 얼마나 돈을 더 벌겠다고...맛이 환장할 정도도 아닌데 짐짝 취급 받으며 다시 먹고 싶은 생각 전혀 없음.",2,수,False,3
2025-03-03,4.0,"5시 반쯤 가니까 웨이팅이 빨리 빠졌어요
아마 비온 날이라 그런 것 같기도..
응대가 친절하다고는 보기 힘든데... 더보기",0,월,False,3
2025-03-02,5.0,"가격도 오르고 
친절도 안하고
정신도 없지만... 더보기",6,일,True,3
2025-03-01,5.0, 맛있음..........역시 칼국수 비빔국수 진짜 맛있음 여기 평점은 불평이 많냐........ 바쁜매장오면 당연한걸....이게 시름 다른매장가서 쳐먹던가......이정도 바쁜매장에서 사람새끼들이... 더보기,5,토,True,3
2025-02-27,2.0,"서비스 진짜 제일 최악...  속된 말까지 나올 정도임
입장하면서부터 자리 안내, 결제, 음식 나오고 추가요청까지 계속 화만 내고 표정부터가... 더보기",3,목,False,2
2025-02-26,3.0,"초등학생 딸아이랑 함께 아빠의 추억맛집을 갔다. 뭐 장사가 잘되는건 예나 지금이나 동일 하고 맛도 동일 하다 하지만 여기 후기들 처럼 직원들의 태도나 서비스나 장사 철학이 창업주의 생각과 많이 빗나가는듯 
그만큼 벌었어몈 노포의 격조를 좀 지키시오",2,수,False,2
2025-02-26,1.0,맛 빼고 모든게 최악임. 1인 좌석 합석까진 이해하겠는데 아무런 안내가 없어서 한참을 그냥 앉아있었고 김치도 안가져다주고 밥은 3번 요청했는데 가져다주지 않아서 그냥 나옴. 먹고 나간 자리 정리도 대충해서 식탁도 너무 더러움. 선불이었으니 먹고 나왔지 그 지경인지 알았으면 그냥 나왔을 것. 최악의 경험이었음,2,수,False,2
2025-02-25,1.0,"초등학생 아이는 사람 취급 안 합니다. 
아이도 돈 내고 일인분 결제하는데 자리를 안줘요.
성인 3, 4명은 윗층 다인석 테이블로 안내하고 성인 ... 더보기",1,화,False,2
2025-02-25,3.0,맛도있고좋았는데 넘 쫍고 답답했어용,1,화,False,2
2025-02-22,1.0,돈주고 국수 먹는건지 국수 공짜로 얻어 먹으러 온건지 모를 기분 느끼고 싶으면 추천..먹는내내 불편해서 혼났음..자리 간격좀 뜨워주고 1인 2인 손님들 푸대접 하지 말기를..,5,토,True,2
2025-02-21,4.0,찐맛집 맞습니다 국물에서 짬뽕스타일이 느껴진게 불향이 첨가되어서 육수를 너무 잘 살려주고 여러모로 고민이 느껴지는 육수여서 너무 좋았어요,4,금,False,2
2025-02-19,3.0,명동칼국수가 뭐가 맛있다는건지그냥 그러고 재방문의사는 없어요.,2,수,False,2
2025-02-16,3.0,"만두는 맛있었는데, 칼국수는 면이 너무 퍼진 것 같았어요",6,일,True,2
2025-02-16,1.0,"평소 종종 가던 곳인데 오랜만에 이곳 칼국수가 너무 생각나서 혼자 방문 했어요. 
혼자 왔으니까 예의상 1인석 자리에 앉으려고 했는데, 딱 한자리 남아있던 1인석에... 더보기",6,일,True,2
2025-02-14,3.0,예전 생각에 가봤는데 이젠 입맛이 변했나봅니다 ,4,금,False,2
2025-02-13,4.0,줄 서서 먹을 정도의 맛은 아님. 그래도 감칠맛이 좋고 양도 많고 괜찮음!,3,목,False,2
2025-02-11,5.0,맛있어요... 웨이팅 줄은 금방 빠져요. 비빔보다는 일반 국수를 추천드립니다. 특색있는 국물!,1,화,False,2
2025-02-11,3.0,"맛은 확실히 있고 대기줄도 금방 빠지지만, 가게내부가 지나치게 협소하여 불편함
맛만 보고 가면 강추",1,화,False,2
2025-02-10,4.0,"칼국수 주문.
면  얇고 부드럽고 찰지면서도 잘 끊기는 후루룩 하기 좋은 질감과 식감.
국물  양파를 볶아 중화요리 느낌의 불 맛과 진한 닭육수의 기름짐을 갖고 있고... 더보기",0,월,False,2
2025-02-08,4.0,강추 진짜맛있어요,5,토,True,2
2025-02-06,3.0,"1.주말 301시간 대기 각오
2.자리 앉자마자 나옴
3.평소먹어보지 못한 국물... 더보기",3,목,False,2
2025-02-06,5.0,너무너무 맛있었어요,3,목,False,2
2025-02-01,2.0,칼국수 맛이 특이하긴 했는데 웨이팅해서 먹을정도는 아닌거 같아요 사람이 많다보니 분잡하고 정신없고 물도 부족해서 옆테이블이랑 나눠먹고 직원분들도 많이 바쁘셔서 응대나 서비스면은 아예 없다고 보시면 됩니다 안내도 ... 더보기,5,토,True,2
2025-02-01,4.0,"독특한 칼국수 맛 입니다.
마늘 김치도 맛 있습니다.
단,  식후 마늘 냄새가 입에서 계속 납니다.
그리고 그... 더보기",5,토,True,2
2025-02-01,1.0,"2인이 34,000원 어치 시켰는데 다 먹자마자 물어보지도 않고 치울게요 하고 치움  그나마 물컵 남겨뒀는데 가방 정리하고 있으니까 갑자기 말도 없이 가져감  칼국수 맛은 다른 후기처럼 맹탕 느낌으로 변했고 양은 절반 됐어요 기분 나쁘고 더 이상 생각날 맛도 아니라 다시 안 갈 것 같아요",5,토,True,2
2025-01-31,3.0,"국물맛은 그대로인데 면하고 국물하고 따로 노는느낌.
만두 4개 기본적으로 들어가는것도 심각하게 맛이 변함. 맛이 없어짐.
면에서는... 더보기",4,금,False,1
2025-01-30,5.0,"저희 가족 최애 칼국수 집입니다. 아버지 직장이 명동이였어서 아빠 마중나갈 겸 아기 때부터 가족들과 정말 자주 갔었네요.. 바퀴벌레 이슈가 있었지만 여전히 애정합니다.
이 칼국수를 좋아했던 이유는 면과... 더보기",3,목,False,1
2025-01-28,3.0,칼국수 마늘김치 만두 최고에요,1,화,False,1
2025-01-28,5.0,예전에 오래전 가봤을때 굉장히 맛있게 먹고 만족했던 기억이 다시 조만간 또 가볼예정,1,화,False,1
2025-01-28,3.0,조금 미묘하네요. 맛이 좀 색다른 곳이라... 사람들이 그리 줄서서 먹는 걸보니 맛은 괜찮은 듯 한데.. 맛있다기보다는 색다른 맛을 원하는 분께 추천드립니다. 전 두 번은 필요없을 듯 하네요.,1,화,False,1
2025-01-27,4.0,"알싸한마늘맛이 나는 비빔면에 만두 먹으면 굿굿
칼국수는 면은 퍼져서 국물만이 자기주장을 내세워 살아남으려는 맛",0,월,False,1
2025-01-23,5.0,진짜 만두 미친맛도리,3,목,False,1
2025-01-23,5.0,진짜 칼국수 미친맛도리,3,목,False,1
2025-01-23,1.0,"불친절한 곳은  팔아주면 안돼요. 직원들이 고객한테 갑질하는 곳. 무료급식소도 여기보다 환경좋음. 강제합석과 노숙자취급을 돈 내고 당함.

불친절하고 고객응대가 저렴한집같... 더보기",3,목,False,1
2025-01-22,1.0,"면이 너무 흐물흐물해요  만두랑 김치는 맛있음 
 웬만하면 불친절하다는 말 잘 안쓰는데 총지배인 대박 불친절",2,수,False,1
2025-01-18,5.0,"명동교자야 뭐 두말하면 잔소리죠  
시장통 같지만 어쩔수없고요 ",5,토,True,1
2025-01-17,3.0,위치 옮겨서 더 좋음. 빠른 회전. 맛은 늘 그 맛,4,금,False,1
2025-01-15,2.0,"칼국수만 3점! 
비빔국수 1점, 만두 2점
칼국수만 맛있어요! 참기름맛나는 만두는 호불호 갈릴것같고 비빔국수는 완전 비... 더보기",2,수,False,1
2025-01-14,4.0,"오로지맛.하나만보고갑니다.
직원은쓸데없이만아서.돗떼기시장도.아니고. 
좌석쫖은... 더보기",1,화,False,1
2025-01-14,3.0,맛은 있음. 불맛마늘맛. 근데 진짜 너무 시끄럽고 회전율때문에 합석이 필수라 모르는 사람하고 같이 먹어야 됨. 그리고 식탁은 안 닦는게 분명.. 노포라고 흐린 눈 하려해도 식탁이 지나치게 끈적거림.,1,화,False,1
2025-01-14,3.0,"본점은 괜찮은데 공사중이라 같은 골목2호점인가 갔는데 2층에 아저씨가 불친절하고 주문건도 까먹어요
직원들이 실장이라 부르던데 밥하나 달라고 했는데 까먹었더라구요 김치 더달라니까  개귀찮아함 일본어를 할줄 아는가본데 일본인 여자 혼자 왔는데 안해... 더보기",1,화,False,1
2025-01-14,1.0,"최악 최악 최악. 호평들은 알바인가?! 
오로지 매출만을 위한 식당. 회전율을 위해 음식들 다... 더보기",1,화,False,1
2025-01-13,4.0,"명동역에 위치한 명동교자
너무유명한곳이라 외국인 내국인 웨이팅 엄청길지만 회전도빨랐어요
저희는 ... 더보기",0,월,False,1
2025-01-12,1.0,저는 바퀴벌레 나오는게 맘에 안드는거에요 같은 유명한 닭칼집들인 일칼 본점이나 구리 잉꼬에서는 적어도 바퀴벌레는 안나왔어요 이게 팩트임 저는 먹고 싶지 않음,6,일,True,1
2025-01-12,5.0,20년 넘게 가는 곳.  흔들리지 않고 옛맛 그대로 고수 하면서 지점도 마구 내지 않는 곳. 여기를 별 1개 주는 사람들은 어디서 뭘 먹어도 맘에 안드실듯,6,일,True,1
2025-01-11,5.0,여기 맛나서 서울여행동안 3번 먹었읍니다........ 뜨끈해서 추울때 먹으니 딱 . 좋더라구여 . 김치에 마늘이맛이 많이나요 내스탈  국물이랑 어울려요 마니 파세요,5,토,True,1
2025-01-09,5.0,예전부터 맛집으로 가던 데였습니다. 명동 식당이라 하면 대다수 상인들이 외국인 지갑에 한 따까리 할려고 등쳐먹는 나쁜 이미지가 강한데 이 집이 최소한 그나마 가성비라는 ... 더보기,3,목,False,1
2025-01-07,5.0,"너무나 유명한 명동교자입니다.
30년만에 본점을 방문했습니다.
주말에 방문했기 때문에 손님이 엄청 많았습니다.
하지만 엄청난 회전속도로 인해서 기다... 더보기",1,화,False,1
2025-01-07,4.0,"신관 다녀옴 회전율빠름 마늘김치는 쏘쏘
국수는 맑은 짬뽕 맛 만두맛 괜츈!",1,화,False,1
2025-01-06,5.0,항상 그맛. 질리지도 않음.,0,월,False,1
2025-01-04,4.0,"칼국수와 비빔냉면은 관광지, 외국인 전용 음식이라고 생각한 편견을 버리게 했습니다. 확실히 특색있고 맛이 있어요. 다만 칼국수의 과한 양파맛, 만두피만 장식된 만두 4점은 별론 것 같아요. 하지만 웨이팅 15분 할 정도로 주변 상권 음식... 더보기",5,토,True,1
2025-01-01,3.0,"전반적으로 김치에 마늘 맛이 세고, 얼얼한 편입니다.",2,수,False,1
2025-01-01,5.0,"명동교자는 배신을 하지 않아
마늘김치 존맛",2,수,False,1
2025-01-01,1.0,"그냥 최악  최악 그냥 개최악 가지마세요
줄도 엉망 서비스도 엉망 면은 개 뿔음 11,000원?  아까움 제발... 더보기",2,수,False,1
2024-12-29,1.0,"맛도 양도 서비스도 어느 하나 만족스러운 게 없음
기다리는 시간이 아까운 집 중 하나",6,일,True,12
2024-12-29,4.0,유명한 가게라 갔는데 줄이 장난아닙니다. 근데 생각외로 빨리 줄어듭니다. 칼국수인데 깔끔하기보다 갈비맛 나는 구소한 스타일이고 면발이 맛있습니다. 만두는 다른집보다 맛있다고 하긴 그런데 보통입니다. 기대가 커서 ... 더보기,6,일,True,12
2024-12-28,1.0,"본점이 새로이 문을 열었으나, 고객우선이 아니라 장사하는 주인위주로 만들어진 구조의 가게입니다.
고객서비스도 엉망이고, 주문누락에도 확인없이 무조건 기다리라고만 합니다.
결국 나온 칼국수는 식었으며, 다시... 더보기",5,토,True,12
2024-12-27,4.0,정말...날마다 퀄이 너무 다르다!!!! 어떤날은 칼국수 일티어고 어떤날은 탱탱불어서 밀가루맛만 나고... 날을 잘 골라가세요..만두는 항상 맛있긴함 ,4,금,False,12
2024-12-27,4.0,"늦게 가서 웨이팅은 별로 없었습니다. 칼국수 국물 맛은 느끼할 정도로 진짜 진하고 좋아요. 면은 푹 익혀서 줘서 흐느적 거려요. 
만두는 만두소가 고기도 씹히고 식감 있어서 좋았는데 특별하진... 더보기",4,금,False,12
2024-12-25,1.0,"3층에서 홀보는 안경끼고 뚱뚱한 여자 알바생  싸가지없어서 밥맛떨어짐 다신안감 
응대 그따구로하지마라",2,수,False,12
2024-12-24,5.0,항상 맛있음. 주기적으로 생각나는 맛,1,화,False,12
2024-12-23,4.0,웨이팅 길게 안하면 명동에서 이만한 곳이 없움,0,월,False,12
2024-12-23,1.0,"추운날 뜨거운 칼국수를 기대했는데 식어서 미지근 했고 면도 불어 있었음
장사가 너무 잘되니 음식에 정성이 안보임",0,월,False,12
2024-12-22,5.0,명동가면 필수코스지요!! 양 적은 아이도 한그릇 뚝딱하는 집,6,일,True,12
2024-12-21,2.0,"줄서서 먹기에는 애매함
방송에 많이 나와서 맛이 어떨지 궁금해서 가봤지만 개인적으로는 별로.
직접가서 체험해보세요.",5,토,True,12
2024-12-19,5.0,마늘 김치 좋아하시는분께 추천 마늘 김치와 칼국수 조합 굼,3,목,False,12
2024-12-18,3.0,"오랜만에 한번씩 먹으면 맛있음!
김치가 맵지만 쫀맛",2,수,False,12
2024-12-18,3.0,"한번은 먹어볼만 한 맛.
외국인이 확실히 많다. 만두는 평범. 회전율 미쳤음",2,수,False,12
2024-12-18,1.0,"웨이팅은 있어도 회전율이 빨라서 빨리빨리 들어 갈 수 있어용 면은 제가 좋아하는 얇고 흐드러지는 면이였는데 국물이랑 만듀맛은 잘 모르겠....
이상하게 중국맛남... 향이있거나 그런건 모르겠는데... 더보기",2,수,False,12
2024-12-17,5.0,오랜 역사가 증명하는 흡입력 있는 맛! 중국에 소룡포가 있다면 명동에는 참기름향 가득한 명동교자가 있다. 자리는 협소하지만 그래도 그에 어울리는 분위기가 있는 곳,1,화,False,12
2024-12-17,5.0,여전히 맛있어서 좋아요 다만 껌안줘서 대실망..,1,화,False,12
2024-12-15,3.0,사람이 지나치게 많아서 정신없고 맛도 그냥 그럼.... 주문을 하자마자 메뉴가 도착하는 미친 속도를 자랑하기는 하는데 그거 빼고 다 그냥 그렇네요,6,일,True,12
2024-12-14,1.0,"맛은 그럴저럭 맛있지만 최악인 서비스를 생각하면서 맛보러 갈정도의 맛은 절대 아님

그... 더보기",5,토,True,12
2024-12-10,5.0,주기적으로 먹어줘야댐,1,화,False,12
2024-12-09,5.0,"옛날 한 10년전에먹엇을때랑은 달라졌네요
불맛이 이렇게 나진 않앗던거같은디..
근데 더마싯음 불맛 고기국물 짬뽕맛남",0,월,False,12
2024-12-07,5.0,존맛탱!,5,토,True,12
2024-12-07,5.0,"칼국수도 맛있는데
비빔국수 진짜맛있",5,토,True,12
2024-12-06,2.0,"맛이 암만 있으면 뭐 하나요?
알바생 교육 좀 제대로 시키세요.
사람이 주문하면 쳐다도 안보고 올 생각도 안오고 두번 세번 불러야 그제서야 오는 시늉하고 또 다른데 가고
외국인들이 옆테이블에서 주... 더보기",4,금,False,12
2024-12-03,1.0,"칼국수 맛은 무난하고 불향이 강한편이라 살짝 불호에 가까운건 둘째치고 서비스가 진짜 최악수준 

아무리 바빠도 그렇지 옆테이블 외국인들이 일본인들도 아닌데 일본어로 주... 더보기",1,화,False,12
2024-11-30,5.0,"집 앞에도 있었으면...
찐한 고기 베이스 칼국수가 참 맛나네요",5,토,True,11
2024-11-28,3.0,가끔 생각날때 가서 먹어주는 곳,3,목,False,11
2024-11-27,5.0,"맛있어요 ! 명동에서 칼국수랑 만두 먹고 싶을 때 옵니당
단점은 테이블이 너무 작아요 ",2,수,False,11
2024-11-25,2.0,"아, 여기 참 생각보다 지저분하고, 
시끄럽고, 별로였지. 하는 기억이 
희미해... 더보기",0,월,False,11
2024-11-23,4.0,"고기 베이스 찐한 칼국수  자극적인 김치 조합 유사 브랜드 많지만 명동교자만의 특색있는 맛은 독보적이에요 근데 최근에 방문했을 땐 맛이 좀 바뀐거같더라고요 덜 찐하다,, 위생이슈도 직접 경험한건 없으나 별로라는 얘기 들었고.. 아쉽긴하지만 제 기준 이 맛을 대체할 칼국수는 없어서 계속 갈 것 같습니다",5,토,True,11
2024-11-19,1.0,옛 추억에 갔다가 대실망. 별0은 왜없나? 미취학 아이들도 1인1메뉴 해야한다며..  돈에 눈이 먼듯. 맛도 없고 직원은 불친절을 넘어 싸움닭수준.,1,화,False,11
2024-11-19,3.0,"처음 먹던 맛이 그리워요...
요즘은 뭔가 많이 맹탕인 느낌...",1,화,False,11
2024-11-17,4.0,맛있으빈다,6,일,True,11
2024-11-15,5.0,"말이 필요없음 주기적으로 먹어줘야됨
근데 요즘은 왜 껌 안줘요?",4,금,False,11
2024-11-15,5.0,회전율이 좋아서 대기가 길지는 않았어요,4,금,False,11
2024-11-14,3.0,"칼국수에 만두 솔직히 평범함.
사람 엄청 많음 거의 합석수준으로 앉게 됨.
김치에 마늘냄새 쎄게 남. 호불호 엄청 심할듯",3,목,False,11
2024-11-13,1.0,"Narrow table, dirty floor.  
Is that what money is like?",2,수,False,11
2024-11-13,1.0,"20년전 명동 교자에서 칼국수를 맛있게 먹었던 추억을 회상하며 다시 찾아왔는데, 칼국수 첫 국물맛이 조미료 가득하고 짜고 느끼한 중국 완탕면 같은 맛이였다. 면은 다 뿔어서 흐물흐물 했고 왠만한 동네 칼국수가 훨씬 맛있다. 그동안 무슨일이 있었던... 더보기",2,수,False,11
2024-11-13,4.0,"칼국수가 진짜 맛있어요!! 일반 칼국수가 아니고 국물이 뭔가 짬뽕맛도 나는것같고 고기맛도 진하고 취향저격임 만두는 쏘쏘  이집은 칼국수가 찐임. 
웨이팅줄은 길지만 회전율이 빨라서 생... 더보기",2,수,False,11
2024-11-13,1.0,"인사도 없이 쳐다보고,  자리 안내할때 손가락질 하고 지나가던 개 한테도 안 그럴뜻  선결제시 카드만 휙 가져갑디다 ...기가 차서 진짜 그래서 카드 달라고 하고 그냥 나왔습니다. 맛은 모르겠지만 개 비추",2,수,False,11
2024-11-10,4.0,항상맛있는데 오늘은좀 불친절한느낌..,6,일,True,11
2024-11-10,3.0,약간 차이나타운의 하얀 짜장면 같은 맛이 나는 듯 독특하고 맛있음. 하지만 그다지 친절하지 않고 식탁이 깨끗하지 않음.,6,일,True,11
2024-11-09,5.0,진짜 맛있어용! 굿굿,5,토,True,11
2024-11-09,4.0,유명세만큼은 강한 인상의 맛은 아니지만 디른 곳에서는 맛보기 힘든 유니크한 칼국수입니다. 면 고기 육수 모두 맛있게 먹었습니다. 만두도 괜찮습니다.,5,토,True,11
2024-11-08,4.0,"언제 먹어도 맛있는, 고기 베이스의 찐하고 걸쭉한 맛의 국물과 부들한 국수가 일품. 
다만 사람이 많아 어수선하고, 김치는 마늘향이 너무 강해서 먹기 힘듦.",4,금,False,11
2024-11-07,1.0,가게가 엄청 복잡해서 한자리 앉기도 힘들고 칼국수가 아니라 중식 먹는 느낌 나요 느끼하고 무거운 맛. 김치는 생마늘 씹어먹는것 같고,3,목,False,11
2024-11-05,5.0,내사랑맛집,1,화,False,11
2024-11-04,5.0,제 입맛에는 여전히 맛있어요 ,0,월,False,11
2024-11-02,1.0,위생 최악이에요. 랑 마주치다니,5,토,True,11
2024-10-31,2.0,장님나라에서는 애꾸가 왕,3,목,False,10
2024-10-31,5.0,"엄청 맛나요
조금 정신 없지만 맛만 보고 또 갈 듯요",3,목,False,10
2024-10-29,1.0,"별 한개도 아까운 곳 
가면 안 됩니다 
예전에 맑은 감칠맛 나는 국물맛도 안 나고 짜고 느끼하고  김치는 먹다 남은 건지 손가락 마디보다 작은 조각들에... 더보기",1,화,False,10
2024-10-29,1.0,한국사람들도 싫어하는데 외국사람들은 오죽할까올라오는 외국인들 리뷰 보면 광장시장은 양반임..진짜 너무 부끄럽다,1,화,False,10
2024-10-29,3.0,"음식은 그대론것 같은데 이상하게 예전같은 느낌은 많이 안나요. 그래도 맛은 있습니다. 가게가 깔끔한 느낌은 아니고 들어간 재료 비주얼 가끔 사람 놀라게 해서 혹시 이물질 아닐까 긴장하며 먹곤 했는데, 얼마 전 큰 사건이 터졌다고 들었습니다. 한동안 또 찾아가진 않을것 같네요.",1,화,False,10
2024-10-19,2.0,"좋아하던 집이였는데 벌레등 위생관리 안됨
주인 미국인",5,토,True,10
2024-10-17,3.0,바빠서 그런건지 아니면 그냥 불친절한지 알 수 없음,3,목,False,10
2024-10-16,5.0,주기적으로 먹어줘야함,2,수,False,10
2024-10-15,2.0,"칼국수는 옛날 맛이 아니고 양도 너무나 적네요 
만두도 그냥저냥 먹었어요  
김치는 맛있어요. 
관광객들이 많아... 더보기",1,화,False,10
2024-10-14,4.0,"조카가 칼국수에서
짬뽕 맛이 난다고 합니다 ",0,월,False,10
2024-10-13,1.0,"직원분이 음식 나올 때 쟁반으로 밀치고 그릇 툭툭 던지고 먹고 나갈 때도 손으로 밀치셔서 
음식 맛은 둘째 치고 먹는 내내, 그 이후로도 너무 기분 나빴습니다.",6,일,True,10
2024-10-13,3.0,"정말 오랜만의 재방문입니다. 명동에서 우리나라를 대표하는 식당이라고 해도 과언이 아닐 정도의 유명한 식당이죠. 맛은 여전하지만 기대감이 컸던지 아쉬운 점이 많았습니다.

장점... 더보기",6,일,True,10
2024-10-12,3.0,"칼국수의 진한 육향육수는  
호불호가 갈리겠지만 개인적으로 쏘쏘
같이... 더보기",5,토,True,10
2024-10-09,1.0,올초 갔었을때 막 나온 국수위에 고추가루가 떠있어서 다신 안와야지 했는데 이번에 인터넷 보니 뭐비위생적.,2,수,False,10
2024-10-09,1.0,"국수는 흐물거려서 별로고, 짭쪼름한 국물에 밥 말아먹으면 맛있어서 가끔 가는데 이제는 밥을 인당 한 그릇만 준다. 직원들은 갈 때마다 하나같이 불친절해서 먹고 나면 기분만 상한다. 이제는 진짜 그만가야지. 위생은.... 흐린 눈 필수.",2,수,False,10
2024-10-04,2.0,콩국수를 먹었는게 소금를 들이부었는지 너무 짭니다.. 옆 테이블도 몇입 안먹고 남기는게 다 보이고... 일행이 같이 시킨 비빔국수도 짜고.. 김치는 맛있는데 칼국수 아니면 다른 메뉴는 이제 안 시킬거 같아요..,4,금,False,10
2024-10-04,5.0,"내가 먹었던 국수중 최고로 맜있음
칼국수랑 만두먹었는데 겁나맜있음
기다리는사람 많은데 빨리빨리빠져... 더보기",4,금,False,10
2024-10-03,5.0,"사장님 불친절좀 맛은 최고 후게를 보면 50년 된다고 함.
만두는 진짜 
맛집이 된다는건 별점이 높은게 아니라 후기 횟수로 하는것이구나",3,목,False,10
2024-10-03,5.0,있잖 가서 넘 마쉿써서 사진을 못찍음,3,목,False,10
2024-10-02,5.0,"내 주변인들에게 많이 전파해 봤지만 이 집 맛을 싫어하는 이는 딱 2명 
나머진 전부 다 엄지 척",2,수,False,10
2024-10-01,1.0,"테이블 좁고 정신 없고 분주하고 위생 흐린눈에 제일 중요한건 맛없음 .... 다 남겼어요 김치도 마늘김치라는데, 그냥 마늘인 것 같아요.. 마늘 그잡채임",1,화,False,10
2024-10-01,1.0,"가게 더럽고 , 맛도 더럽다. 밥 추가해달라니 안된다고 한다. 외국인 장사로 변질되서 그런가 최악임.",1,화,False,10
2024-09-29,3.0,특별한 건 없는 듯,6,일,True,9
2024-09-29,3.0,직원은 불친절 하고 가게 안은 사람이 너무 많고 테이블 간격이 좁아 먹기가 불편함 맛은 고기불맛 비슷하게 나는 칼국수임 좋아하는 분은 좋아할듯 다만 김치가 마늘 맛 밖에 안나고 먹고 너무 매워서 화장실 여러번 갔다옴,6,일,True,9
2024-09-28,4.0,"명동에서 이만한 맛과 가성비는 드뭄.
밥과 면사리 추가가 무료라 양도 많다.
대표메뉴인 칼국수는 강한 후추의 칼칼함과 매운 김... 더보기",5,토,True,9
2024-09-27,1.0,"bruh why so rude? I get it its a packed place, but being kind doesnt cost you anything lmao. Not coming anymore.",4,금,False,9
2024-09-27,4.0,"칼국수랑 만두만 먹을땐 쫌 물리는데
비빔국수랑 같이 먹어보니 맛있었다
고기맛 찐하게 나는 칼국수 한번씩 ... 더보기",4,금,False,9
2024-09-27,1.0,"918 방문
오랜만에 방문했는데 음식이 전체적으로 맛이 떨어짐.
외국인이 많아서 그런가. 사람도 많고 일하시는 분들도 불친절하다고 느껴졌고 너무 소란스... 더보기",4,금,False,9
2024-09-26,2.0,"저는 약 22년간 명동교자 단골인 사람인데 육수가 정말 예전같지 않아요

진한 육수에 착 감긴 면의 감칠맛이 다른 곳과 비교가 안 됐는데... 가격은 계속 올... 더보기",3,목,False,9
2024-09-26,2.0,"오랜만에 명동교자를 방문했습니다. 명동교자는 더 이상 우리나라 식당보다는 외국인들을 위한 식당으로 변한 것 같아요. 이곳에서 칼국수 콩국수 비빔국수 모두 먹어봤는데, 제 개인적으로 콩국수를 좋아... 더보기",3,목,False,9
2024-09-24,4.0,"오랜만에가봤는데 사람이 너무 많았고
맛은 그냥 그저 그랬던것같아여..",1,화,False,9
2024-09-24,5.0,후추맛이 강한 감칠맛 강한 육수입니다. 왜인지 쪼금씩 더 맛있어집니다. 줄이 길다면 을지로 4가역쪽 칼국수 국물이 그나마 비슷합니다.,1,화,False,9
2024-09-24,3.0,정말 평범한 맛인데다 조금 느끼했음.,1,화,False,9
2024-09-23,5.0,맛은 good!!!,0,월,False,9
2024-09-23,1.0,아직도 가는 호구 없죵?,0,월,False,9
2024-09-23,1.0,바퀴벌레 나오는 식당,0,월,False,9
2024-09-22,1.0,"단독바퀴벌레 나온 명동교자, 또 이물질 나와 과징금 1850만원 httpsnamdi.co.kr?p11095",6,일,True,9
2024-09-22,1.0,"단독바퀴벌레 나온 명동교자, 또 이물질 나와 과징금 1850만원 httpsnamdi.co.kr?p11095",6,일,True,9
2024-09-22,5.0,명동 근처에 가면 2차든 3차든 일단 여길 먹어줘야 집으로 돌아와서 원한?이 안 남는다.,6,일,True,9
2024-09-22,5.0,"김치 맛있음 
육수 진함 
웨이팅 좀 있음 일요일11시",6,일,True,9
2024-09-22,2.0,"맛은 좋은데 뭐랄까 전반적으로 간이 세요  조미료맛이 난다해야하나...

한 2년만에 다시 갔는데.. 위생이 심하게 우려됩니다.. 양도 줄었고, 물도 수돗물 ... 더보기",6,일,True,9
2024-09-20,4.0,이러니저러니해도 여기만의 맛은 다른곳에서 찾기 쉽지 않음. 명성 생각해서 위생에만 좀 더 신경쓰면 좋을듯!,4,금,False,9
2024-09-19,5.0,"진한육수
한 입 뜨면 진하디 진한 육수맛이 느낄 수 있습니다. 국물 한,두번 호로록 마시고 본격적으로 면과 만두를 적절히 조합해가며 먹으면 젓가랏질 멈출 수가 없습니다. 옆 테이블 외국인들이 감탄사 오이시 연발... 더보기",3,목,False,9
2024-09-19,1.0,그냥그랬어요 중간정도맛 불친절,3,목,False,9
2024-09-17,5.0,맛있어요....다만 웨이팅이.....,1,화,False,9
2024-09-15,1.0,별 한개도 아까운집. 리뷰 써야 되니까 별 한개 다는데 진짜 맛도 그저 그렇고 칼국수는 빨리 나왔는데 면도 다 퍼져서 나오고 직원분들 진짜 불친절 하세요. 11000원 이라는 돈 주고 먹을 만큼 맛있지도 않고 서비스도 불량이고 네이버에 나오는 리뷰들 절대 믿지 마시고... 더보기,6,일,True,9
2024-09-14,5.0,"30년만에 온 명동교자
변한듯? 변하지 않은 맛?
내 입맛이 변한거지?",5,토,True,9
2024-09-13,3.0,맛있으나 청결하지 않음 서비스 안좋음 외국인 관광객 다수임,4,금,False,9
2024-09-12,3.0,엄청 기대하고 방문하였는데 기대에 못미치는 맛...,3,목,False,9
2024-09-11,4.0,5년만에 재방문 한거같은데 맛은 여전히 맛있습니다. 회전율빠르고 주문하면 메뉴 엄청빨리나옵니다. 다만 자리간격이 좁아서 좀 어수선하다고 느낄수도 있을듯,2,수,False,9
2024-09-10,2.0,20년도 넘은 1996년고등학생때 다녔던 추억땜에 한국방문할때마다 오는데 이제는 일본및 중국 관광객들로 득실거리는곳이 되어버려서 아쉬움. 양도 줄었고 믈론 사리 추가는 가능하나.  한국사람들은 거의 안보임. 추억은 추억으로... 더보기,1,화,False,9
2024-09-10,4.0,만두는 맛있었음,1,화,False,9
2024-09-10,2.0,"유명하다고 해서 방문
만두는 비비고 냉동만두 느낌
칼국수도 ... 더보기",1,화,False,9
2024-09-09,3.0,"음식 빠르게 나오고 같이나오는 김치도 칼칼한 느낌의 시원맛이라 괜찮았습니다  다만, 특별한 맛은 아닙니다",0,월,False,9
2024-09-09,5.0,맛있어서 근처 갈 일 있으면 꼭 들러요.,0,월,False,9
2024-09-08,5.0,다른 볼 일 없는데 오직 칼국수 먹으러 명동까지 가게하는 존맛탱 칼국수임!  오늘 또 먹으러 가야징,6,일,True,9
2024-09-07,5.0,콩국수 만두 칼국수 다 맛있어요,5,토,True,9
2024-09-07,5.0,역사와 전통을 내세우려면 이정도는 해야한다고 생각함,5,토,True,9
2024-09-06,5.0,더운 날씨임에도 칼국수가 정말 너무 맛있게 느껴질 정도였어요. 함께 먹은 김치랑 비빔국수도 정말 맛있었습니다.,4,금,False,9
2024-09-03,4.0,"넘 맛있음. 근데 맛 빼고 위생, 응대 무엇 하나 상쾌한 게 없어서 별 하나 빼요 .",1,화,False,9
2024-09-01,1.0,"나의 추억을 아이들과도 나누고싶어 
지지난주에는 큰딸을, 오늘은 작은 아들을 데리고 방문했다.
화장실을 묻는데 째리며 되묻는 ... 더보기",6,일,True,9
2024-08-30,5.0,"서울 와서 뭐먹을까 고민하다 떠오른 칼국수
비싸고 사람도 많았지만 후회없는 선택이었습니다
닭고기 고명이 생각보다 많아요",4,금,False,8
2024-08-29,1.0,"후기 이거 맞아요..?뭐지..?
친절하셨긴 한데요 가장 중요한 맛이 정말 별로였습니다. 맛이 없다는 말이 아니라 맛있지... 더보기",3,목,False,8
2024-08-28,5.0,"칼국수에서 중식맛이 남!
해장하기에도 좋음",2,수,False,8
2024-08-27,4.0,"마늘맛 가득한 김치가 맛있어요!
둘이서 칼국수 하나 시키면 사리추가 안된다더라구요..
그리고 종업원분들이 조금만 더 친절하셨으면 좋겠어요",1,화,False,8
2024-08-24,5.0,한국 대표 맛집이라 봄. 50년 전이나 지금이나.,5,토,True,8
2024-08-23,4.0,자극적인 맛. 가끔 생각나는데 명동가면 꼭 가게되네요,4,금,False,8
2024-08-23,2.0,"칼국수보다는 약간 홍콩의 완탕면과 비슷한 맛
워낙 유명한 집이니 한번 체험해볼만하나, 평범한 맛에, 정신 없고, 직원들은 불친절하다",4,금,False,8
2024-08-22,4.0,"명동에 볼 일 없어도 찾아가는 맛
맛은 변함없어서 좋은데
직원아주머니가.. 너무 다른 직원들 잡아서 먹는 내내 신경쓰여서 불편함",3,목,False,8
2024-08-22,1.0,"밥상에서 바퀴벌레 두 마리가 엄청 돌아다녀서 놀랐어요, 직원한테 말하니까 태연하게 다른 테이블로 안내하더라고요, 다시는 안 옵니다.",3,목,False,8
2024-08-22,1.0,식탁에 쌓여있는 컵들 잘 보세요 맨 아래쪽 컵들에 흑백으로 곰팡이 펴있었음 진짜 무슨 솜사탕인줄 와 진짜 더럽다고 영업정지까지 먹은 곳인데 반성이 없음,3,목,False,8
2024-08-20,3.0,"겉보기에 건물 밖에까지 대기 줄이 길어서 많이 기다려야할 것 같았는데 인원 수 별로 1,2층을 나눠서 가니 5분? 별로 안 기다려서 먹었어요 다닥다닥 붙어 앉아서 식당 분위기는 좋다고는 못하겠고 그냥 맛있고 대기가 없어서 좋았음! 칼국수 면은 쫄깃하지 않고 말랑 부드러웠어요 겉절이가 매콤하고 맛있음!",1,화,False,8
2024-08-19,5.0,"교자 칼국수 독보적 원탑.
감칠맛 나는 국물과 맛있는 교자, 구수한 양념이 어우러진 환상의 맛.
마지막에 밥도 말아 먹으면 한그릇 뚝딱.
매... 더보기",0,월,False,8
2024-08-18,1.0,"최악
정신 없고 칼국수, 비빔면, 만두 다 별로",6,일,True,8
2024-08-18,1.0,불친절해요,6,일,True,8
2024-08-16,5.0,여기가 칼국수가 원탑이지,4,금,False,8
2024-08-15,2.0,"만두는 고기맛이 강하고 김치에 마늘향이 엄청남
호불호가있겠으나 저는 불호.",3,목,False,8
2024-08-15,4.0,"정말 오래된 곳
명동 갈 때마다 들러요!
가격은 좀 비싸도 습관처럼 가게되네요",3,목,False,8
2024-08-14,4.0,아무리 말 많아도 주기적으로 생각나는 곳,2,수,False,8
2024-08-13,5.0,Way good. Worth most waits.,1,화,False,8
2024-08-12,3.0,사람이 많아서 분위기가 개판오분전임. 만두 맛은 나쁘지 않았고 칼국수는 면이 좀 불어서 그게 아쉬웠음.,0,월,False,8
2024-08-11,4.0,"한번씩 자꾸 생각 나는 맛 
김치는 마늘 듬뿍이라 향이센데 
이게 칼국수랑 조합이 좋음... 더보기",6,일,True,8
2024-08-09,5.0,"별점 3점 이하는 가지마라 이것보다 더맛있는 칼국수집 있으면 거기 가거라 쓸데없는 불만 남기지말고 30년 넘은 단골이지만 아직도 맛있다
여기 김치는 마늘맛이 강한게 킬링포인트다",4,금,False,8
2024-08-09,1.0,"매우 애정하던 곳.
다닌지 30년이 넘은 곳.
이번이 ... 더보기",4,금,False,8
2024-08-08,5.0,"아주 좋아요
가격도 상대적으로 저렴해 졌어요",3,목,False,8
2024-08-07,2.0,"맛은 좋으나 시장 북새통 분위기와 시키면 기본 10분씩은 걸리는 상황. 사리 추가에 10분 넘게 걸릴줄 누가 알았을까요... 
아쉬움이 많이 남네요",2,수,False,8
2024-08-05,3.0,"칼국수랑 콩국수 맛은 있는데 너무 간이 다 짜요
콩국수 기본간이 너무 짬  설탕파라 설탕 받아서 중화시켰어요
김치는 도대체 왜 이렇게 만드는 건지.. 마늘맛 너무 강함  그리... 더보기",0,월,False,8
2024-08-04,1.0,"어렸을쩍 아버지 손잡고 갔던곳. 지금은 아들손잡고 가는곳.  옛생각나 일년에 네번씩은 갔는데  이제는 야박해졌다는 생각이 드네요.
제일 아쉬운것 옛생각의 추억이 사... 더보기",6,일,True,8
2024-08-04,5.0,진짜 맛있고 양 진짜 많음,6,일,True,8
2024-08-04,5.0,너무 맛있습니다 국물 시원하고 깔끔하네요,6,일,True,8
2024-08-03,5.0,"음식은 환장 맛있으나 직원들의 불친절 진짜 대환장
대답안하는건 아주 기본.
바쁘셔서 힘든건 알겟으나 어쩜그리 기본 인성들이 없으신지 단 한... 더보기",5,토,True,8
2024-08-03,5.0,"칼국수 면이 완전 쫄깃쫄깃하니 넘 맛있음!!
비빔국수는 너무 간이 쌤
존맛탱 칼... 더보기",5,토,True,8
2024-08-02,1.0,만두 말고는 먹을 게 없다가지 마라..1인 1메뉴 아니면 입장도 못한다 한다.들어가니 줄을 세우고 이쪽으로 비켜라 마라.정신이 없다.  자리가 한참 비어 있어도 누구도 안내하지 않는다컵은 더럽고 물이 부족해 소리를 질러도 대답하는 종업원이 없고 불쑥 ... 더보기,4,금,False,8
2024-08-01,1.0,"직원개불친절
교육제대로
전부다시받아야할듯
손님에게 ... 더보기",3,목,False,8
2024-08-01,2.0,"한마디평  지나친 원가절감에 의한 진퉁의 짝퉁화

1. 7년만의 방문. 칼국수.. 간은 맞으나 묽다. 예... 더보기",3,목,False,8
2024-07-29,5.0,칼국수가 이래야한다는 정의는 없죠. 나름의 재료와 비법으로 각자 맛을 내는것이라고 생각해요.  취향이 다르듯 입맛도 다를 수 있어요. 자신의 입맛과 취향에 안 맞다고 맛없다고 깍아내리는건 옳지... 더보기,0,월,False,7
2024-07-28,3.0,칼국수보다는 고기국수 같습니다. 오래 줄서서 기다리며 먹을 정돈 아닌 것 같네요. 특별한 맛은 기대하지 마세요,6,일,True,7
2024-07-27,3.0,"여기 콩국수 맛집이다. 명동 최고의 피서지.

칼국수는 예전 기억으로 너무 자극적이어서 별로 땡기지 않았지만 맛집 불모지인 명동... 더보기",5,토,True,7
2024-07-27,2.0,"외국인 친구랑 둘이 갔고, 운좋게 웨이팅 없이 바로 들어감. 냅다 4인 테이블을 칸막이로 나눠서 합석 시키길래 당황스러웠다. 
만두는 평범했음. 생강맛 좀 나는 고기만두? ... 더보기",5,토,True,7
2024-07-26,1.0,많이 변한거 같음 21년도엔 분명 맛있게 먹었는데 다시 오니까 진짜 맛이 변한거같음 별로다 이제 줄서서 먹는 이유도 모르겠다.,4,금,False,7
2024-07-26,1.0,"앞치마 없어요
흰티 주의
외국인을 위한 곳 같음 
이 가격에 굳이... 더보기",4,금,False,7
2024-07-25,1.0,여기 진짜 왜 가는지 모르겠...외국인 관광객 코스라는데 왜죠? 맛없고 사람많고 먹자마자 빨리 나가라고 눈치주고. 25년전엔 좋아하던 곳이였는데 최근 방문하고 다시는 안가기로,3,목,False,7
2024-07-24,3.0,가성비 안좋은 음식점. 먹고나면 입에서 마늘냄새 정말 심하게 나서 대화를 못한다.,2,수,False,7
2024-07-23,1.0,오늘 오랜만에 먹어봤는데 정말 맛이없었고 특히 2층에서 주문받던 마스크낀 남자 종업원.. 손님이 많아서 그런지 태도가 너무 불손함. 혼자서 먹는 손님은 거지냐? 빈자리가 많은데 굳이 합석시키는건 왜 그러냐? 빈자리가 없으면 이해 하겠지만 뭔 짓이야.,1,화,False,7
2024-07-21,2.0,바쁠때 불친절한 건 그려려니 합니다. 근데 식사 시간대도 지났고 비가 온 뒤라 매장 손님이 절반밖에 없는데도 어찌 그리 불친절하신지. 기다리다 먹었을 땐 안 그랬는데 음식이 나왔는데 바로 안줘서 그런건지 로봇이 헤매다 와서 그런건지 ... 더보기,6,일,True,7
2024-07-20,3.0,만두는 짱맛있는데 칼국수가 예전 맛이 아니라고해야되나.. 너무 짜기만 해서 아쉬웠어요 콩국수가 훨씬 맛있어용,5,토,True,7
2024-07-20,5.0,5500원일 때부터 다녔는데 지금은 11000원이네요 그래도 여전히 맛있어요!!,5,토,True,7
2024-07-18,1.0,오랫만에 아이들과 방문했습니다. 미쉐린 가이드의 영향을 찾는 손님이 많더군요. 맛에 대한 부분은 다른 분들이 많이 작성하셔서 생각하고 서비스 부분에서 불편한 점 두가지 적으려고 합니다.   1. 4인 가족은 후문에서 줄을 서서 입장해야하는데. 일행 전원이 대기하지 않으면 줄도 ... 더보기,3,목,False,7
2024-07-17,1.0,직원분들 외국인들한테는 현금만받음. 케쉬. 케쉬 이러면서 옆에있던 외국인들한테 현금달라함. 카드줘도 케쉬.케쉬.장말 이거 하라고 교육시킨건 아니겠지.쪽팔림은 한국시람몫.대단쓰.,2,수,False,7
2024-07-16,5.0,"처음 먹어봤는데 유명한 이유를 알겠어요! 엄청 빨리 나오고 맛있네요 
외국인도 정말 많아요!",1,화,False,7
2024-07-16,1.0,일하시는 분들이 일하는게 아니라 편하고 싶어하는게 이 정도면 그 악명 높은 근처 하동관이 차라리 친절한 거 같고 무엇보다..칼국수 이 맛이 정말 맛있는 맛이에요?,1,화,False,7
2024-07-15,5.0,"사실 딴건 다 별로고
맛 으로만 5점 줌",0,월,False,7
2024-07-14,3.0,"김치가 너무 마늘맛,
대기줄이 빨리 빠지는 장점은 있지만
후다닥 먹고 나와야함 
명... 더보기",6,일,True,7
2024-07-11,3.0,"직원분들 너무 불친절하고
가게 내부 분위기도 어수선하고 맛은 무난하니 한번쯤 먹어볼만한데 급식소같은 느낌이라 좀 그래요
서빙로봇 있는데 걔 돌아다니기도 전에 직원분들이 가지... 더보기",3,목,False,7
2024-07-07,4.0,"칼국수보단 콩국수가 맛있네 ! 
명동 가면 무조건 들려야 하는 집 !",6,일,True,7
2024-07-07,5.0,가격도 괜찮고 칼국수도 맛있었어요,6,일,True,7
2024-07-05,4.0,명동갈때 한끼 적당히 떼우기에 이만한 곳이 없어요! 식당 고르기 귀찮을땐 명동칼국수!,4,금,False,7
2024-07-05,1.0,"이젠 김밥천국 칼국수 정도의 맛으로 떨어짐
명동 맛집 하나를 잃어서 마음이 아프다",4,금,False,7
2024-07-02,1.0,"맛이 많이 변했네요. 후기들 보고 사람들 입맛이 바뀐건지 맛이 변한건지 궁금해서 직접 가 봤는데, 맛이 없는 건 아니지만 만천원이라는 가격은 아니라는 생각이 듭니다. 특히, 김치는 먹기가 힘든 맛이네요. 특유의 마늘맛이, 예전에는 독특해사 좋았던 그 맛이, 이제는 과해져서, 먹기 불편할 정도입니다.",1,화,False,7
2024-07-02,1.0,"너무너무 불친절하고 면이 밀가루 풋내도 많이 나고 너무 불어있었어요 잇몸만 있으셔도 잘 드실듯

의자에 앉기도 전에 주문하라고 하고... 더보기",1,화,False,7
2024-07-01,1.0,"그냥저냥 표준적인 고깃국물 칼국수맛. 만두도 교자가 육즙도 없이 특별할 것 없는데 어떻게 미슐랭 선정인지 모르겠다. 그보다 외국인들이 그렇게 많이오는 곳인데 직원들이 참 화가 많다. 1층에서 2층3층 구분해주고 응대하는 나이든 아줌마직원, 영어의사소통도 전혀 안되서 외국... 더보기",0,월,False,7
2024-06-30,1.0,"재평가 시급 제발 직원교육좀 다시 시키세요. 유명하다고 배짱 장사하나.. 맛있고 사람들이 찾아주니 아주 난리가 났네요, 물은 수돗물이고 반말에 사람들 치고다니고. 제발 기본은 하자구요 외국인 친구들 데려가기 쪽팔려요",6,일,True,6
2024-06-27,3.0,"맛있다. 맛있는데 사람 너무 많고 좁다.
이런 곳은 서비스 경험 그런거에 기대를 하면 안 되는거 알지만서도 그냥... 뭔가 급식소 온 느낌이라 막 그닥 만족스럽진 않음 그냥 잘 먹었다... 더보기",3,목,False,6
2024-06-26,4.0,"맛있는데 흠 사람 너무 많아서 정신이 하나도 없고, 음료수 안 팔아서 아쉽고, 비빔보단 일반이 더 맛있어요.",2,수,False,6
2024-06-25,4.0,칼국수 맛있네요. 김치가 밀가루 음식의 느끼함을 잘 잡아주네요.,1,화,False,6
2024-06-23,1.0,국물은 짬뽕 불향이 나고 만두는 소룡포 비슷한게 묘하게 중식의 느낌이 남. 그러나 충격적일정도로 맛이 없음. 한국 미슐랭은 진짜 최악.. 외국인들 많던데 제발 여기말고 다른 맛있는 곳 가세요. 동네 칼국수집이 훨씬 나음.,6,일,True,6
2024-06-22,5.0,명동교자 최고 마늘김치가 진짜 맛있어요,5,토,True,6
2024-06-22,1.0,20년 이용자인데 맛은 있지만 갈수록 손님에 대한 감사나 배려가 없어짐. 광장시장 V2 한마디로 맛있는 급식소.,5,토,True,6
2024-06-20,2.0,"내가 명동교자 다닌지 10년이 넘은 사람이오. 예전보다 국물이 많이 묽어졌소. 그리고 김치
또한 마늘이 너무 많이 들어가 마늘테러 당한 줄 알았소. 이 정도 맛이면 굳이 여길 와야하나 생각이 드는 정도요. 다음엔 더 나아지길 기원하겠소.",3,목,False,6
2024-06-20,3.0,맛있는데 너무 시장바닥같아요 더럽고 불편하고,3,목,False,6
2024-06-20,5.0,명동교자 콩국수와 겉절이는 사랑입니다.,3,목,False,6
2024-06-20,5.0,"콩국수 면이 너무 퍼져서 나오긴 했는데
추억으로 가끔 가는 명동교자는 늘 어느정도는 만족",3,목,False,6
2024-06-18,4.0,"항상 웨이팅이 많지만 빠르게 회전하는 식당 
칼국수 교자가 먹고 싶을때 들리는곳.",1,화,False,6
2024-06-18,1.0,"내 콩국수를 왜 가위로 잘라요?
그릇을 내려놓자마자 묻지도 않고 가위로 내 콩국수를 싹뚝 싹뚝 싹뚝잘... 더보기",1,화,False,6
2024-06-18,5.0,김치가 맛있었음,1,화,False,6
2024-06-18,5.0,외국인 친구들 데려갔는데 다들 엄청 만족했고 저도 맛있게 먹었습니다. 줄이 길어서 대기시간이 좀 있긴한데 메뉴 주문하자마자 1초만에 음식 가져다 줬어요.,1,화,False,6
2024-06-16,5.0,맛만있어여,6,일,True,6
2024-06-15,2.0,명동은 처음. 가장유명한 맛집이라길래 역 도착하자마자 바로 감. 하지만 좌석안내하는 직원한분이 불친절해서 엄청 기분나빴음. 웨이팅줄은 긴편인데 혼자가서 조금기다리고 바로 착석가능했음. 손님많아서 대량으... 더보기,5,토,True,6
2024-06-12,3.0,과거의 맛보다는 덜 짜서 좋긴 하다. 뭐 특별하게 맛있다의 느낌은 없지만 명동을 다시 방문 하지 않을 듯 하다 하면 와서 먹어보는 걸 추천. 그래도 일반 칼국수집과는 다른 맛에 지역명을 두고 대표하는 곳이니 안 먹고 지나치면 후회는 있을 듯... 더보기,2,수,False,6
2024-06-11,3.0,1점주기엔 낮고 4점주기엔 아까워서 3점입니다. 김치는 맛있는데 국수가 제취향이 아니었네요. 만두는 쏘쏘,1,화,False,6
2024-06-09,4.0,"줄은 길어도 테이블 회전이 빨라서 10분정도 기다림

사리 공기밥 추가는 무료인데 옆 테이블 손님은 사리를 두번 추가하시... 더보기",6,일,True,6
2024-06-07,3.0,"대기중 세우시는 분께서 10분 이면 된다고 하셨는데 
30분 정도 기다렸어요.
줄 서는 시간은 알려... 더보기",4,금,False,6
2024-06-07,4.0,"대구사는 친구가 놀러와서 명동을 한번도 안 가봤다길래 데려가봤어요 저는 두번째 방문인데
옛날에 배부를 때 와서는 솔직히 이게 뭔맛인가싶었는데 오랜만에 먹어보니까 비빔국수 시원하고 간도 적당하고 만두도 육즙... 더보기",4,금,False,6
2024-06-07,4.0,"콩국수 칼국수 만두 
김치에서 생강향이 더 심해진 것 같아요
가격도 너무 비싼... 더보기",4,금,False,6
2024-06-06,5.0,"맛있음, 도떼기시장같이 정신없긴한데
맛있어서 용서됨. 김치 맵싸 한게 맘에 듦",3,목,False,6
2024-06-06,1.0,the staff is rude. Doesnt worth it,3,목,False,6
2024-06-06,2.0,"명동올때마다 엄청난 대기줄에 포기했는데 드디어 먹어봄!
맛은 주관적이라 다르지만 이맛에 이렇게 기다려서 먹을까 혼란스러움, 맛없지는 않지만 줄서먹기엔 딴 맛집 가겠음, 김치맛이 그렇게나 좋다던데 그렇지 않았음. 사람 많아 힘들... 더보기",3,목,False,6
2024-06-05,4.0,오전11시에 가서 웨이팅 없이 입장.두명은 2층.외국인이 더 많음 . 맛은 강추 . 공간 협소해서 여유있게 먹기는 어려움.직원 친절함.동생한테 일찍가서 먹고오라 했음.,2,수,False,6
2024-06-02,2.0,2년만에 왔는데 가격도 많이 오르고 맛이 많이 변했네요.. 전에는 맛있었는데 국물이 연하고 면발이 약해짐,6,일,True,6
2024-06-01,4.0,"칼국수 맛나요. 명동을 자주가면 다른 음식점도 이용할텐데 가끔 가니까 여기서 먹을수 밖에.. 그리울 때쯤 가니까요. 여긴 친절이고 뭐고 추억으로 먹지 않나요? 가던 사람들은 바쁜거 뻔히 아니.. 사리, 밥 추가 공짜. 처음부터 추가해서 시켜도 되요. 남기지만 않으면 좋을거 같아요.",5,토,True,6
2024-05-31,5.0,"수십년 단골집입니다.
언제라도 최고의 칼국수라고 봅니다.
술먹은 담날이 더 절실하죠.... 더보기",4,금,False,5
2024-05-30,3.0,"이제는 사실상 관광식당입니다. 맛은 여전히 나쁘지 않지만 줄서서 먹을 만큼의 맛도 아니며, 무엇보다 좁은 공간에서 편안하고, 여유롭게 먹지도 못한다는 점을 염두해 두시는 게 좋습니다.",3,목,False,5
2024-05-30,3.0,"맛은 있지만 여유로운 식사는 불가한곳
요즘은 외국인이 더 많은 느낌
내앞에 외국인, 내옆... 더보기",3,목,False,5
2024-05-26,1.0,대체 왜 평가가 좋은지 전혀 이해할수 없다. 무엇보다 닭장같은 좌석에 바글바글 시끌벅적 모여앉아 빨리 먹고 빨리 나가는 분위기가 정말 최악 이렇게까지 해서 먹고싶은 음식도 아님.,6,일,True,5
2024-05-26,2.0,"싱가폴 친구랑 같이 갔었는데 좁고 불친절하고 공장 식당 같은 분위기 였네요.

맛은 나쁘지 않지만 다시 가고 싶지는 않네요.",6,일,True,5
2024-05-24,5.0,칼국수면발 어찌 이리 야들 야들 쫄깃 할까요?  국물맛 넘 좋아요  난 중독됐어요  김치도 넘 맛읺어!,4,금,False,5
2024-05-23,3.0,"음식 맛은 아주 뛰어나진 않지만, 꽤 괜찮습니다. 그러나 분위기와 서비스는 컨테이너 공장 같은 느낌이 들었습니다. 아늑하고 편안한 분위기까지는 아니더라도 들어가서 마음 편하게 식사를 할 수 있는 분위기였으면 좋겠네요",3,목,False,5
2024-05-23,3.0,"돗데기시장 그 자체
원래도 그랬지만 갈수록 쫓기듯 먹게됨",3,목,False,5
2024-05-23,5.0,"

... 더보기",3,목,False,5
2024-05-21,2.0,"맛은 좋은데
직원 아주머니 사레들렸다면서 가운데서 계속 헛구역질 기침하시네요
김치 던지면서 주고... 더보기",1,화,False,5
2024-05-19,5.0,"22.12.05 칼국수 별로 안좋아하는데 친구가 오자 해서 반강제로 온 곳. 
그런데 내가 알고 있던 칼국수가 아니었다. 국물에서 느껴지는 진한 고기향부터 적당히 익혀진 양파까지 
칼국수보다는 무슨 우육... 더보기",6,일,True,5
2024-05-19,3.0,웨이팅이 극심 하지만 회전율이 좋아서 기다릴 만한 정도고 생각 외로 알아서 챙겨주는 친절한 서비스가 마음에 든다. 하지만 밀집도가 너무 높은 점은 불편할 수도 있겠다. 밑반찬으로 나오는 김치는 마늘이 너무 들어가서 이건 국적불명 수준이랄까 암튼 그랬다. 납작 완탕 ... 더보기,6,일,True,5
2024-05-18,5.0,"수식어가 필요없는 미슐랭 맛집 이지요 혹시 맛의 변화가 없는지 궁금하기도 하고 오랜만에 방문해 보았어요.

칼국수는 불향나는 고기 고명과 볶... 더보기",5,토,True,5
2024-05-18,1.0,"맛은 항상 같음. 맛있긴 함.
다만 고객응대 불친절 때문에 앞으로 맛있어도 안갈생각.
기존에 무제한으로 주던 밥를 이젠 인당 하나 밖에 주지 않음.
이거 가지고 왜 투정이냐? 칼... 더보기",5,토,True,5
2024-05-18,1.0,"맛은 종로칼국수집들 평균보다 조금 나은정도맛은있음 하지만 안내부터 입맛이 털림 안내하는 직원분은 양말 벚으면서 안내 퉁명스러운 안내...두번은 오기싫은 기분,,",5,토,True,5
2024-05-18,1.0,"맛은 있다
허나 맛을 뭉개 버리는 직원들의 개차반 응대
어차피 갈 사람은 간다는",5,토,True,5
2024-05-18,3.0,Food is yummy but the service is bad. Why do you only give more kimchi to Koreans? And they dont even eat all of it We got half the amount of kimchi you give to Koreans,5,토,True,5
2024-05-18,4.0,"웨이팅이 있지만 회전율도 빠름.
김치가 마늘의 알싸한 맛이 좋음.
고기국물 맛이 맛있음.",5,토,True,5
2024-05-18,5.0,비오고 추워서 영화보고 명동교자먹으러 왔는데 오랜만에 왔어도 맛있네요뜨끈하게 잘먹었어요,5,토,True,5
2024-05-16,4.0,시장통 분위기에 한결같이 불친절하고 가격도 계속 오르지만 이러니저러니해도 대체불가능한 맛이라 꾸준히 찾게 되는 곳,3,목,False,5
2024-05-15,5.0,"진짜 다 맛있고 김치도 너무너무 맛있고
밥 면 추가 무료로 가능해서 너무 좋은데
웨이팅이 있다보니깐 상을 너무 빨리 치우려고 하세요. 밥을 다... 더보기",2,수,False,5
2024-05-14,2.0,"최애 생각나 이끌리듯 오는곳였는데
갈수록 가격은 물가상승이라 하지만 내용물 실종 호박한조각 부추 찾아 삼만리 목이버섯 쪼가리추가로 원했지만 다먹을때까진 추가안옴복불복... 더보기",1,화,False,5
2024-05-13,3.0,김치에 마늘맛이 한국인도 감당 불가,0,월,False,5
2024-05-12,5.0,"칼국수는 고기 고명이 많이 들어가있고
양파절임으로 구수한 맛이예요
콩국수 면은 초록색이고 콩국이 진했어요
만두피도 얇고 ... 더보기",6,일,True,5
2024-05-11,4.0,"24년 5월 5일 저녁 식사

칼국수 국물에서 자꾸 ... 더보기",5,토,True,5
2024-05-10,4.0,갈 때마다 불친절하고 쓸데없이 자극적인데 종종 강렬하게 생각나는 맛,4,금,False,5
2024-05-09,4.0,접시에 이물질 묻은거 빼고 너무 맛있게 잘먹었어요가게는 조금 바뻐서 북적북적 느낌,3,목,False,5
2024-05-08,1.0,"자리 많은데 꾸여꾸역 합석 시키길래 다른 자리 달라니까 대놓고 꿍시렁거리면서 합석시키고, 비빔냉면에서 비닐 나와서 말씀드리니까 들아가지도 않은 재료 버섯이라고 핑계대더니 죄송하다는 사과 하나 없이 바꿔준다고 가져가심 너무 불친절해서 먹는내내 체할뻔",2,수,False,5
2024-05-08,4.0,"2024.04.21
예전보다 맛있진 않네요 점점 중화풍.",2,수,False,5
2024-05-06,1.0,어떻게든 손님 받으려고 무조건 합석. 비빔은 짜고 김치는 다진마늘 듬뿍. 그냥 만두만 포장해가세요.,0,월,False,5
2024-05-06,2.0,맛은 좋지만 사리추가 주문까지 묵살하면서 자리 비우고 내보낼 궁리만 하는 종업원들의 불친절에 학을 뗀다. 그래도 아주 끊을수는 없는 애증의 가게.,0,월,False,5
2024-05-06,2.0," 당신이 생각하는 칼국수와 거리가 있음
한국인보다 외국인이 많고 자리가 붙어있어서 일반적인 식당보다는 그냥 밥만 먹는 곳의 느낌이 ... 더보기",0,월,False,5
2024-05-05,5.0,명동에 가면 항상 들르는 명동교자,6,일,True,5
2024-05-05,3.0,"겁나 불친절하고 도떼기시장마냥 다닥다닥 붙어있어서 가기싫은데 시간 지나면 마늘향이 생각나서 주기적으로 먹으러 가는 내가 실....타..... 
만약 가게 되면 만두 꼭 시키세요. 칼국수도 칼국수인데 만두가 진짜 맛있음",6,일,True,5
2024-05-05,4.0,"맛은있는데 자리거 너무 다닥다닥 붙어있어서 답답하고 좀 불쾌했어요
차라리 좀 한산한 분점이 있으면 거기로 가는게 나을듯..... 더보기",6,일,True,5
2024-05-05,4.0,"모르는 사람이 없는 칼국수계의 아이돌.
자칫하면 평범하기 쉬운 음식인 칼국수에, 고유의 아이덴티티를 한껏 담아낸 ... 더보기",6,일,True,5
2024-05-05,5.0,"매장이 너무 바쁘지만,, 칼국수가 참 맛있다!!",6,일,True,5
2024-05-03,4.0,역시 면발 부드럽고 추가 사리주문 만족,4,금,False,5
2024-05-02,4.0,"위생은 모르겠고 불친절함
맛은 그럭저럭 괜찮음",3,목,False,5
2024-04-26,5.0,마늘김치가 또 생각나는..,4,금,False,4
2024-04-24,5.0,칼국수 만두 비빔국수 콩국수,2,수,False,4
2024-04-23,5.0,Im inlove with noodles haha. Whenever I go back to Korea I always make sure to dine at the restaurant. ,1,화,False,4
2024-04-21,1.0,"위생, 지나친 마늘향, 김치맛",6,일,True,4
2024-04-19,5.0,"매년 가는데 작년까지 실망했다가 올해 다시 퀼리티 좋아졌다. 
만두는 항상 비슷한데 칼국수 국물 전문기가 싹 빠져서 예전에 비해 훨씬 맑은 느낌에, 콩국수는 처음인데 여기 콩국수 맛집이었다..면 완전 쫄깃탱글하고 콩물 완전 걸쭉하고 고소함..",4,금,False,4
2024-04-18,4.0,"언제 먹어도 맛있네요.
옛날에 껌도 하나 주던거 같은데 요즘은 안보이네요??",3,목,False,4
2024-04-17,1.0,"비싸고 맛도 동네 칼국수 수준
닭장마냥 테이블 쑤셔박고
좀 먹었다 싶으... 더보기",2,수,False,4
2024-04-15,1.0,"매번 불친절해도 그냥 먹으러 갔는데 이번에는 갔을때는 불친절하고 손님 더 받겠다고 그 작은 테이블을 반으로 나눠서 다른 사람하고 마주 보고 먹었네요,,, 내돈내고 쫓기듯 먹었어요 이제 안갈것 같아요",0,월,False,4
2024-04-15,1.0,비위생 불친절,0,월,False,4
2024-04-15,2.0,"초심을 완전히 잃었음
면은 내가 끓여고 더 잘 끓일수 았다할 정도로 형편 없음 do not go here",0,월,False,4
2024-04-14,1.0,맛은 있는데 큰 바퀴벌레가 더듬이와 등껍질을 반짝이며 벽타고 기어가는 걸 목격한 뒤로 도저히 못 가겠습니다.,6,일,True,4
2024-04-13,3.0,"맛있어요 충분히 맛있는데 엄청난 기대는 하지마세요.
칼국수 육수도 맛있고 불향이 나서 중국음식이 연상되요.
만두도 맛있구요.
근데 미슐랭 빕구르망에 선... 더보기",5,토,True,4
2024-04-13,4.0,"오랜만에 갔는데 여전히 맛나네요
외국인들도 엄청 많고
바뻐서 그런지 친절함은 기대하지 않지만 너무 정신없네요",5,토,True,4
2024-04-12,2.0,유명해서 한 번 가봤어요 그런데 칼국수 면이 너무 흐물했어요  만두는 괜찮았어요  운 좋게 웨이팅 한팀하고 들어갔는데 길게 웨이팅해서 먹을 맛까지는 잘 모르겠네요,4,금,False,4
2024-04-09,3.0," 칼국수 3개  만두 2개
 3인

 만두는 피가 얇고 부드러워서 좋았다. 만두 속도 육즙 많고 푸짐해서 맛있었음. 다만 칼국수랑 같이 먹어서 그런지 조금 ... 더보기",1,화,False,4
2024-04-08,3.0,옛날엔 진짜 맛있게 먹었었는데 오랜만에 가니 칼국수는 너무 식어있고 묘하게 불친절해진,0,월,False,4
2024-04-06,1.0,바쁜건 알지만 너무 불친절해요,5,토,True,4
2024-04-05,1.0,"오래전 적당한 규모에서 했을때가 맛집이지
지금 공장처럼 정성은 1도없이 찍어내듯 비위생적이고 친절 따위없음",4,금,False,4
2024-04-01,4.0,"웨이팅 있어도 회전율 빨라서 금방 들어감
국물 육수가 진하고 맛있음
근데 육수, 김치 모두 짜서 물을 ... 더보기",0,월,False,4
2024-03-30,1.0,"이층 할아버지님 역정이 심하시고
물에서 수도물 냄새가 심합니다",5,토,True,3
2024-03-30,5.0,"언제나 사람 많은 곳
맛도 맛있고 또 방문각",5,토,True,3
2024-03-28,5.0,맛은 괜찮음. 근데 사람이 너무 많고 오후 2시에도 웨이팅이 굉장히 길고 좁아서 불편합니다. 다만 회전율이 빨라서 생각보다 오래 기다리지 않고 먹을 수 있어요.,3,목,False,3
2024-03-27,1.0,"혀를 내두르게 하는 이 집의 장삿속...
이태원점은 아직인 것 같지만, 명동 본점은 마침내 한 사람이 앉아도 전혀 크지 않은 자리를 나즈막한 가림막을 세우고 1... 더보기",2,수,False,3
2024-03-27,1.0,"식당에서 밥안파는집!
직원들은 뭐가 그리 화들이 났는지

칼국수 2인분시켰고 사리 하... 더보기",2,수,False,3
2024-03-27,4.0,김치가 특히 맛있었는데 다른 메인메뉴들은 그냥그랬어용 특별한 맛은 없었어요,2,수,False,3
2024-03-27,4.0,"맛있다!!회전율이 빨라서 금방 들감
김치가 리얼 존맛탱구리임
면이랑 밥이 리필 되는것도 굿",2,수,False,3
2024-03-26,2.0,".줄이 길어도 빠르게 앉을 수 있고 음식이 바로 나온다
.만두가 제일 괜찮았다
칼국수는 진한... 더보기",1,화,False,3
2024-03-25,1.0,"꼭 생각나고 맛은 있어서 가긴 간다만

거 외국인들도 ... 더보기",0,월,False,3
2024-03-24,4.0,"엄청나게 맛있다 까지는 아니지만 한번 가보기 좋음

분위기가 재밌다..
들어가면 인원수에 따라 대기하는 곳이 다르다. 문앞에 있는 직원분께 몇명이라 말하... 더보기",6,일,True,3
2024-03-24,4.0,종종 생각날때마다 먹으러 가는 곳,6,일,True,3
2024-03-23,5.0,"칼국수 2개 주문.
오랜 기다림대략2시간끝에 먹어서 인지 엄청 맛있게 먹었어요..
볶은야채와 고기에 불맛이 있었고 국물... 더보기",5,토,True,3
2024-03-22,1.0,왜..? 미슐랭 감 다뒤졌네,4,금,False,3
2024-03-18,3.0,"한국인보다 외국인이 더 많은 식당  그래도 면,밥 무한리필이라 계속 리필시켜서 먹음",0,월,False,3
2024-03-18,3.0,"후기가 반반이라 약간의 기대를 하고 갔는데
나름 괜찮아요 추웠던 날 생각보다 웨이팅 오래하지않아서 그런지 더 맛있게 느껴졌네요
다 먹고나선 물이 많이 땡기긴했지만.. 
나중에 알았... 더보기",0,월,False,3
2024-03-16,3.0,그냥 저냥 어쩌다 가면 먹을만함,5,토,True,3
2024-03-15,5.0,진짜 괜찮은 집 .,4,금,False,3
2024-03-10,5.0,맛있어서 명동 근처 가면 가고싶은 곳,6,일,True,3
2024-03-10,1.0,"직원들이 분노조절장애가 있음
지들끼리 싸우던가 손님한테 화내고
단체로 병원좀 가보길",6,일,True,3
2024-03-09,5.0,칼국수 만두 칼국수 만두는 맛있어요!!,5,토,True,3
2024-03-09,5.0,"찐맛집입니다!!
주기적으로 먹어줘야해요!!",5,토,True,3
2024-03-09,4.0,진짜 맛있어요 그렁데 사람 너무 많아서 북적이고 정신없긴해요,5,토,True,3
2024-03-07,2.0,맛있긴 함 근데 점심시간에 사람 많아서 바쁜건 알겠는데 응대가 불친절,3,목,False,3
2024-03-07,1.0,서비스 최악. 3층 안내하는 분 자리 좁아서 의자 하나 달라니까 아니라고 하면서 4인석에 5인 꾸겨 앉으라함. 의자 하나 주는게 힘든지? 서비스 교육 제대로 하길.,3,목,False,3
2024-03-07,4.0,맛있음 근데 먹고 있는데 계속 내쫓으려고함,3,목,False,3
2024-03-05,5.0,유산슬이 칼국수가 되면 이런맛일듯,1,화,False,3
2024-03-04,5.0,"일요일 점심에 저희 남매가 아버지 모시고 갔어요. 
아버지는 말기항암중이신데 세 숟가락 정도 밖에 못드시니 너무 마르고 병색이 짙으셔서 저희는 어떻게든 입에 맞고 좋아하시는거 한입이라도 더 드시게 하려 찾아 다닙니다. 추운 겨울 추억의 명동거리... 더보기",0,월,False,3
2024-03-04,5.0,맛있지만 너무 푸대접 자꾸 다먹었냐고 물어보시고 치워준다고 하시네요.,0,월,False,3
2024-03-03,5.0,칼국수 맛있음 고기맛,6,일,True,3
2024-03-03,4.0,말도 많고 탈도 많지만 여전히 맛집은 맛집,6,일,True,3
2024-03-02,4.0,하도유명해서 줄서서 한번먹어봤네요 맛있었어요.근데 정신없긴하네요. 주방옆이라 자꾸 다먹었냐 치울까요? 물어서 부담스럽네요 김치 리필해주는건 좋았고요 근데 마늘맛이 강하고 알싸해요 암튼 맛있긴한데 재방문은 글쎄요,5,토,True,3
2024-02-28,4.0,"마늘김치  제입맛엔 너무쎄더라구여 
사람많아복잡하고 간격은 너무좁고 시끄럽고 
칼국수자체는 맛있... 더보기",2,수,False,2
2024-02-28,4.0,명성 만큼 그 수준을 계속 잘 유지 하고 있는듯 하다.,2,수,False,2
2024-02-27,5.0,"역시 본점이네요
일년에 한두번은 명동교자 짠 칼국수와... 더보기",1,화,False,2
2024-02-26,4.0,"라스트 오더 때 쯤 가서 많이 기다리지 않고 바로 앉을 수 있었음
칼국수치곤 비싼 가격이었지만 맛있음",0,월,False,2
2024-02-22,4.0,"사람들 많고 정신없지만
맛있음! 늘 웨이팅이지만 10분정도면 입장하는듯
음식 엄청빨리나와서 좋음!",3,목,False,2
2024-02-22,5.0,"사람들이 줄서는 이유가 있져 

20년 이상 온 최고의 맛집 ",3,목,False,2
2024-02-21,4.0,칼국수가 유병한 집. 늘 한결같은 맛을 유지하고 있음. 겉절이도 맛있음. 테이블 수가 식당 공간에 비해 너무 많아 비좁음.,2,수,False,2
2024-02-20,4.0,"명동성당왔다가 걸어서 56분?  
사람이 많고 정신없긴해요 그런데 먹고 또 포장해가고픈 만두의 맛 그것땜에 갑니다 진한육수의 기름진맛이예요",1,화,False,2
2024-02-17,5.0,"여기첨먹었을때 진짜맛있어서 집근처 교자 잘못들어갔다가 실망함 인테리어 칼국수 너무 비슷한데 맛이 확실히 다름 
명동교자가 맛집",5,토,True,2
2024-02-17,5.0,"오랜만에 방문해도 여전히 같은 맛 
명동 가면 가장 먼저 생각나는 맛집",5,토,True,2
2024-02-17,3.0,줄서면서 먹을정도여서 기대했는데 보통입니다,5,토,True,2
2024-02-16,4.0,특별한 맛은 아니지만 명동가면 한번쯤 먹어볼만한 명동교자 대기줄은 항상 길지만 금방 빠져요.,4,금,False,2
2024-02-14,5.0,"얇은 두께의 만두피가 만두소와 적절히 섞여서, 평소 만두를 좋아하는 사람 입장에서는 만족스러운 식감이었습니다. 칼국수 국물은 짜장면이 생각나는 독특한 향이었습니다.",2,수,False,2
2024-02-13,5.0,어머니 손잡고 가기 시작해 어느덧 40년째 단골이다.  옛날부터 사람은 많았어서 크게 기다리는 건 문제 없다. 다만 불친절해도 이렇게 불친절할수 있나 싶을 정도임.  장애인에 대한 배려 전혀 없다.  기대말길.  다른 유명 업... 더보기,1,화,False,2
2024-02-11,5.0,"40년 전 270원
닭육수가 소고기 육수로 바꿨다.
임신한 집시람이 유일하게 입덧없이 먹... 더보기",6,일,True,2
2024-02-07,5.0,"마주치는 모든 직원들이 다 친절했고, 손님이 많은데도 시스템이 잘 되어있어 잘 먹고 갔습니다. 수저 물컵 정리도 잘 되어있고 깔끔하다 느꼈습니다. 잘 되는 곳은 이유가있네요",2,수,False,2
2024-02-07,1.0,"명동 가면 꼭 먹어야 함
하지만 가격이 점점 흉함 
분식으... 더보기",2,수,False,2
2024-02-06,4.0,"예전엔짜다고생각했는데
안짜고
은근 비빔맛... 더보기",1,화,False,2
2024-02-03,3.0,"칼국수는 다른 칼국수들과 다르게 명동교자만의 특색이 있고 정말 맛있음! 김치도 마늘맛 풍부하고 매콤하니 칼국수랑 조합 최상! 

하지만 항상 웨이팅이 있고,,가게... 더보기",5,토,True,2
2024-02-03,5.0,웨이팅이 좀 있긴 하지만 줄서서 먹을만 하다,5,토,True,2
2024-02-03,3.0,주인이 바뀌고 나서 예전 맛이 없어졌어요. 중화풍 기름기 많은 국물과 볶은 양파.....맛이 달라진 김치 그리고 공장표 만두까지 예전맛을 생각하고 가시면 많이많이 실망합니다. 그냥 달라진 맛을 그 맛이려니 생각하고 가시면 그런데로 먹을만합니다.,5,토,True,2
2024-02-02,4.0,맛있는데 뭔가 해가 지날 수록 육수가 묽어짐.. 예전엔 걸쭉했는데 점점 묽어지네여,4,금,False,2
2024-02-01,4.0,"고기국물맛의 진한칼국수에
매콤한 마늘김치 한점 
소문만큼 맛있다 다만 손님이 많아... 더보기",3,목,False,2
2024-01-31,4.0,정말 맛있게 먹었습니다,2,수,False,1
2024-01-31,3.0," 
지인에게 추천하고 싶은, 반드시 가야 할... 더보기",2,수,False,1
2024-01-31,5.0,진짜너무맛있음  최고,2,수,False,1
2024-01-30,4.0,맛있는 평범한 만두지만 마늘향 강한 김치가 너무 맛있었습니다,1,화,False,1
2024-01-30,4.0,"한 번 들려볼만합니다.
마늘향에 포인트가 있는 요리였어요!",1,화,False,1
2024-01-28,2.0,"만두피가 두꺼워졌어요 요리사가 바뀐걸까요? 
옛날부터 다녀서 생각나서 오는곳인데 올때마다 가격은 오르고 맛도 서비스도 예전같지 않네요",6,일,True,1
2024-01-28,4.0,면은 옛날 그대로인데 김치가 너무 변했네요 ,6,일,True,1
2024-01-28,5.0,"자리도 많지만 그만큼 사람도 많음 근데 회전율이 빠른건지 직원분들이 바로바로 치워주셔서 바로바로 착석할 수 있어요 음식도 빨리 나오고 친절하셔서 좋았습니다 
사람 많이 모이는 시간대는 어쩔 수 없이 웨이팅이 있어요",6,일,True,1
2024-01-26,4.0," 추천 걸쭉하고 묵직한 고기 국물
 비추천 약간 퍼진 면과 마늘향이 과한 김치... 더보기",4,금,False,1
2024-01-26,1.0,가격 올랐고 김치는 마늘 맛이 심하게 나서 매운데 싱거움 고기 부스러기 조금과 끈적한 국물 .. 그냥 그 이상도 이하도 아님 만두도 걍 그래,4,금,False,1
2024-01-24,3.0,"오랜만에갔더니 여러가지 변화가 있었네요
여긴 직원분들이 많은데 왜케 불러도 한번에 안오시지..
서비스도 안좋아진거같고..",2,수,False,1
2024-01-23,4.0,"음식 빨리 나와요
맛있어요
원체 복잡한거 말고는 괜찮아요",1,화,False,1
2024-01-19,5.0,웨이팅 금방 빠지고 좁은테이블에서 복작복작 먹는데 이 맛은 계속생각나는 맛이네요 우리동네에도 생겼으면  맛집이라 친절은 그려러니 합니다,4,금,False,1
2024-01-19,5.0,불맛나는 진국물에 알싸한마늘김치와 씹지않아도 넘어갈듯한 부들부들 탱실한 면발 남은국물에 사리추가와 밥추가는 국룰 명동교자는 국수계 명불허전 유아독존일 수 밖에 ,4,금,False,1
2024-01-18,5.0,맛있어요!,3,목,False,1
2024-01-18,4.0,지금도 1년에 23번은 가서 먹긴하는데 뭔가 옛날의 그 풍부하고 푸짐한 느낌은 안 남 왜 그런진 모르겠음 그래도 대체불가능한 명동교자만의 맛이 있으니까....,3,목,False,1
2024-01-18,4.0,사람들이 많아서 정신 없다 느껴지나 한번쯤은 먹어볼 맛이네요 불에 볶은 양파 향이 강해서 고기육수인 백짬뽕처럼 느껴지는 칼국수였습니다,3,목,False,1
2024-01-17,5.0,적절함.. 한끼 먹기에,2,수,False,1
2024-01-17,2.0,2층아줌마 되게 틱틱거림. 밥 새모이만큼 담은거 1인 1공기만 제공이고 식후에 주던 껌쪼가리도 이제안줌. 종업원들이 불러도 못들은척 하는곳,2,수,False,1
2024-01-14,1.0,맛은 예전 같지 않고 불친절하고 혼잡한 곳,6,일,True,1
2024-01-13,3.0,"맛이 없는 건 아니지만 왜 맛집이지? 싶은 집이다.
역시 입맛은 다양하다.",5,토,True,1
2024-01-06,5.0,"늘 겨울이 되면 생각나는 명동교자 
명동교자 칼국수는 진짜 진리입니다 
만두도, 칼국수도 넘넘 맛있어요",5,토,True,1
2024-01-04,1.0,처음으로 후기 남겨요. 맛은 괜찮은데 서비스 뭔가요? 깡패인가요? 본점 3층 안경끼신 아줌마 너무 외국인 손님들한테도 불친절하고 무례해서 한국인으로써 너무 창피했어요. 반말은 기본이고 외국인 손님들 옷 가방 막 치우라고 하는거 보고 제가 대신 미안... 더보기,3,목,False,1
2024-01-04,4.0,맛있는데 실내가 좀 추워서 칼국수가 금방 식어요,3,목,False,1
2024-01-02,3.0,"무난한 칼국수와 무난한 만두
그리고 마늘듬뿍김치 ",1,화,False,1
2024-01-02,1.0,분식점 수준에 맛도 서비스도 엉망인데 왜 유명하지? 분식점 치곤 가격이 넘 세네.,1,화,False,1
2024-01-02,1.0,여기서 먹고 장염 걸려서 열나고 일주일 고생함,1,화,False,1
2024-01-01,1.0,"밥도 1번만 줌 밥공기도 너무 작음
껌도 안줌
가격은 오르고 직원들 불친절",0,월,False,1
2023-12-31,2.0,"20년 넘게 다니던 곳
초심을 조금씩 잃어가는 것... 더보기",6,일,True,12
2023-12-31,1.0,줄설때 사람들한테 윽박지르고 김치 리필좀 요구하면 토딱지 만큼 줘서 한 6번째 리필해야하는데 가르치듯 바닥비우고 얘기하라고 등등.. 정말 최악이지만 맛도 맛이고 어렸을때부터 가족들과 오던 추억이라 가긴갑니다..,6,일,True,12
2023-12-31,2.0,줄서서 먹긴 했는데 별로네요. 가격도 비싸고..,6,일,True,12
2023-12-29,4.0,"맛은 한번씩 문득문득 생각이 나네요.
자주 가지 못하지만 한번 가면 꼭 줄서서 어렵게 먹지만 맛은 굿",4,금,False,12
2023-12-29,1.0,비위생 맛도 없어짐.,4,금,False,12
2023-12-29,4.0,칼국수 국물에서 고기맛이 많이 나네요. 맛있어요 근데 김치가 너무 매워요. 마늘맛이 많이나요 그리고 사람이 많고 자리가 다닥다닥 붙어있어서 불편,4,금,False,12
2023-12-29,3.0,이렇게 유명하고 웨이팅할 맛인가..? 그냥 평범 무난,4,금,False,12
2023-12-28,5.0,맛있어요 마늘맛 김치 최공!,3,목,False,12
2023-12-28,2.0,"그냥 평범했어요 
위생이 좀 ",3,목,False,12
2023-12-28,1.0,"50평생 정말 최악의 경험 입니다. 
국수 그릇은 안과 밖 모두 기름이 닦이질 않아서 미끈거리고 젓가락도 마찬가지로 미끈거리고 고춧가루와 음식물이 굳어서 붙어있더군요. 솔직히 맛도 그다지 없습니다. 칼국수는 고기 누린내가 나고 비빔국수는 그다... 더보기",3,목,False,12
2023-12-27,1.0,최악의 맛.. 청결도 최악..  무슨 마늘만 갈아놓은듯한 맛.!!!!,2,수,False,12
2023-12-25,3.0,"비빔국수랑 김치랑 마늘맛 진짜 강하게 나고 칼국수는 원래 알던것보단 고기국수 느낌으로 기름졌음
맛은 있으나 이렇게 웨이팅할정돈가? 싶네요",0,월,False,12
2023-12-24,1.0,"가면 안되는 이유 6가지

1. 1인 1메뉴인데 12,000원짜리 만두는 포함 안됨
 인당 ... 더보기",6,일,True,12
2023-12-24,1.0,명성이 엄청나다기에 가봤는데 다신 안갑니다.,6,일,True,12
2023-12-23,5.0,"맛은 정말 최고네요
기다림이 너무 힘들어요",5,토,True,12
2023-12-22,3.0,일요일 4시에 가도 사람이 바글바글했다. 국물이 진한 고기국물로 정말 맛있었지만 면발이 좀 퍼져있어서 취향이 아니었다. 그 유명한 마늘김치가 강렬하고 칼국수랑 잘 어울린다.,4,금,False,12
2023-12-22,3.0,엄청 특별한 건 모르겠고 한 번 정도는 가볼만 합니다,4,금,False,12
2023-12-19,1.0,"수 없이 다니면서 한결 같았다고 하긴 힘들지만 
맛이 떨어진다고 느껴진 적은 없었는데
국물은 가벼워지고 만두피는 ... 더보기",1,화,False,12
2023-12-18,2.0,"가격이 또 1,000원씩 올랐다. 양도 적어진 것 같고 그래도 사람은 많아 북적거린다
맛은 있지만 무료급식소 같은 느낌이다.
친절하거나 다른 서비스는 기대... 더보기",0,월,False,12
2023-12-17,1.0,물에 뭐가 나옴. 말했더니 딴거 가져다준다 하고 바로 가져가서 주지도 않음. 다른 리뷰보니 위생문제가 원래 ... 더보기,6,일,True,12
2023-12-14,5.0,n년째 명동오면 배불러도 가서 먹고가는 곳 ,3,목,False,12
2023-12-14,4.0,생각보다 줄은 엄청나게 금방 빠져요 칼국수가 신기하게도 마장면 혹은 짜장 느낌이 났습니다,3,목,False,12
2023-12-13,1.0,"솔직히 저는 제 입맛에 너무 안맞았어요
외국인친구는 맛있다고 한 그릇 다비웠아요",2,수,False,12
2023-12-11,5.0,만두가너무맛있어요국수도맛있어요,0,월,False,12
2023-12-11,2.0,"옛날에 먹었을땐맛있었는데  ,  
칼국수 양이적어요 
국물먹어보면 뭔가 안매운짬뽕국물느낌,   가격대비별로",0,월,False,12
2023-12-11,1.0,"여기 맛있다고 하는 사람은 진심 미각이 의심됨
웨이팅은 생각보다 금방 줄어들었는데 들어간 식당 풍경에 경악
이 정도 인구밀도는 학창시절 급식실에서도 보지... 더보기",0,월,False,12
2023-12-07,2.0,물 달라는데 빤히 쳐다보는 직원.  주위에는 외국인들로 넘쳐나는데  그래서 그런지 한국말을 못 알아 듣는다. 나올때까지 물 안가져다 줘서 옆 테이블꺼 먹었네.,3,목,False,12
2023-12-06,1.0,"젓가락이 미끌미끌하고 위생상태 심각함
4인테이블인데 중간에 물이랑 컵놓고 모르는사람이랑
... 더보기",2,수,False,12
2023-12-06,4.0,항상 깔끔한 느낌은 안 들지만 맛있는 칼국수라 어쩔 수 없음. 밥까지 말아먹어야 딱 배부름.,2,수,False,12
2023-12-06,1.0,"비빔은 양념 맛이 넘 쎄서 비추였어여 
면도 초록색인데 넘 삶아 쫄깃한 없이 미끄덩 미역 먹는 식감에 배고픈을 완죤 입맛 버렸어여
칼국수와 교자는 맛있었다 합니다  그리구 손님 받기 위주라... 더보기",2,수,False,12
2023-12-06,5.0,"약간 회전율 때문에 음식 찍어내는 공장 느낌음 있는데, 진짜 맛있는건 부정 못함. 국물이 최고임",2,수,False,12
2023-12-04,3.0,Overrated,0,월,False,12
2023-11-29,5.0,항상 맛있다 !!!,2,수,False,11
2023-11-29,5.0,Went here around 8pm and luckily there wasnt a queue. The menu was limited but the food was delicious and the servings were generous.,2,수,False,11
2023-11-28,4.0,만두 맛집,1,화,False,11
2023-11-27,5.0,명동 피부과 들를때 마다 가는데 너무 맛있고 한끼 든든하게 먹으면 다음 끼니가 생각이 안 납니당,0,월,False,11
2023-11-26,2.0,"나름 기대하고 갔는데 기름진 칼국수맛이에요. 기스면이나 울면 먹는 느낌이네요. 근데 칼국수는 김치가 중요한데 김치가 마늘맛이 너무 강해서 입이 아려요. 김치 한입 먹고 못먹었습니다 줄은 빨리 줄어들긴 하고, 친절은 하십니다.",6,일,True,11
2023-11-26,5.0,겨울이 되면 생각나는 곳,6,일,True,11
2023-11-26,4.0,"만두,국수 모두 맛있습니다.

다만 자리가 다닥다닥 붙어있고 편히 먹을수 있는 분위기는 아니에요. 하... 더보기",6,일,True,11
2023-11-25,1.0,"자리도좁고 만두만 시키는것도 안되고 꼭 인당 국수류 음식 시켜야 만두추가 됩니다
칼국수엔 만두 진짜 조금 들어있고 만두만 목적이신분들은 비추요... 한번가고 두번은 안갈거같아요",5,토,True,11
2023-11-25,1.0,"3층 대리급 남자직원..정말  손님 불쾌하게 만드네요 영수증 결제금액 꼭 확인하세요  3만원을 4만원으로 결제하고 사과 한마디 없이 오히려 큰소리 
어이없음",5,토,True,11
2023-11-25,5.0,찬바람불면 꼭 생각남,5,토,True,11
2023-11-22,1.0,양도 적어졌고 빨리빨리 손님 대하는게 휴게소 음식만도 못한 것 같아요. 맛도 그져그렇고 일년에 한번씩은 왔었는데 더이상 안 올 것 같아요,2,수,False,11
2023-11-20,3.0,그렇게 유난 떨 정도인지는 잘,0,월,False,11
2023-11-19,1.0,싸가지겁나없음,6,일,True,11
2023-11-19,5.0,칼국수맛이 독특하고 맛있습니다,6,일,True,11
2023-11-16,5.0,"Taste amazing,fast, frendly",3,목,False,11
2023-11-16,5.0,관광객이 많고 바쁘다 보니 주문을 받으러 빨리 안오실때가 있어 보임. 옆테이블이 그랬음. 꼭 자리 안내받을때 주문 같이 하세요! 음식 진짜 금방 나옴. 인생 맛집임. 괜히 미쉐린 별을 받는게 아님! 칼국수 하고 김치 원탑.,3,목,False,11
2023-11-15,5.0,유명할만한 맛입니다,2,수,False,11
2023-11-13,5.0,"저번에 첫 방문 했었는데 너무 맛있었다. 오늘 갑자기 생각나서 또 방문했다. 매우매우 맛있음. 칼국수 면 리필 무료로 한 번 가능.
칼국수 면은 육수에 삶는 것 같다. 면만 생으로 먹어봤는데 그것도 맛있었음... 더보기",0,월,False,11
2023-11-12,1.0,두번은 절대 안갈것 같아요,6,일,True,11
2023-11-12,5.0,사람도 많은데 친절하세요. 오랜만에 갔는데도 예전 그대로 맛이 안 변해서 좋았슴다. 늘 똑같은 맛 유지하는 것 같아요.,6,일,True,11
2023-11-10,1.0,"대기 줄?
 2인 이하와 3인 이상의 구역이 나뉘어있으며 체계적이지 못한 관리관리인 멋대로 계단과 엘베... 더보기",4,금,False,11
2023-11-07,4.0,이십몇년 전에도 할아버지 손잡고 오던 서울 맛집. 그맛 그대로 지금까지 남아있어서 감사할 따름입니다.,1,화,False,11
2023-11-07,1.0,왜 맛있다는 건지도 모르겠고 엄청 시끄럽고 불편함...,1,화,False,11
2023-11-05,4.0,"항상 줄서는게 문제이지 들어가면 문제가 없다
특유의 불향 칼국수 만두는 언제나 맛있고
이만한 가성비가 없다
김치는 마늘을... 더보기",6,일,True,11
2023-11-05,1.0,"3층 직원 아줌마 
서비스교육좀 받아야될 것 같음 밥맛떨어짐",6,일,True,11
2023-11-04,5.0,"변함 없는 맛!
안 붐비는 시간 찾기가 힘드네요",5,토,True,11
2023-11-03,3.0,비빔국수와 만두 맛이 괜챦네요,4,금,False,11
2023-11-02,4.0,워낙 오래된 곳이라 한번씩 들르는데 맛은 여전하네요,3,목,False,11
2023-11-01,3.0,"옛맛을 아는사람은 실망할 변한맛.
그래도 자리도 불편하고 불친절하고 사람도 바글바글이지만 가끔 추억으로 가볼만함",2,수,False,11
2023-10-29,5.0,육수랑 김치도 맛있고 빨리 나오고 자리도 금방 나서 좋아요,6,일,True,10
2023-10-28,5.0,아주 괜찮은 집입니다.,5,토,True,10
2023-10-27,5.0,"친구들이랑 오랜만에 갔는데 다들 더 맛있어졌다고 좋아했어요
평일 점심 웨이팅이 길긴했지만 1인1메뉴 시키면 사리와 공기밥 추... 더보기",4,금,False,10
2023-10-25,5.0,명동에 가면 늘 방문하는 맛집,2,수,False,10
2023-10-25,5.0," ,    ",2,수,False,10
2023-10-21,5.0,다좋은데 진짜 너무 좁아요,5,토,True,10
2023-10-21,5.0,"명동칼국수때부터 먹어봤지만 이름이 명동교자로 바뀌고도 맛이 변치않는 리얼 칼국수 국물과 만두도 입에서 터지는 그맛 계속 생각나는 맛입니다.

글을 쓰는 지금도 ... 더보기",5,토,True,10
2023-10-21,4.0,"특별한 맛이 있음
분주함 속에서 먹어야해서 음미는 안됨",5,토,True,10
2023-10-17,5.0,믿고 먹는 명동교자 제 입에는 너무 너무 맛있어요 최고,1,화,False,10
2023-10-17,1.0,"어머니 뱃속에 있을때부터 먹었던 곳
매월 23번씩은 직원들과 찾는 곳이기도 한 맛집
하지만 작년부터 계속 실망만 주고 있는 ... 더보기",1,화,False,10
2023-10-16,5.0,"칼국수가 진짜 맛있어요!!
만두 추가는 필수
웨이팅이 긴데도 금방 빠져요",0,월,False,10
2023-10-14,4.0,"아주 아주 유명한 가게. 마늘맛이 강한 김치가 맛있어요! 개인적인 취향으로 칼국수보다는 만두가 맛있어요. 
 워낙 오래된 가게라 여전히 맛있지만 정말 불친절해요. 손님이 너무 많다보니 좁은 자리에 여럿이 붙어 앉아야하고, 너저분한 상을 닦... 더보기",5,토,True,10
2023-10-12,4.0,개인적으로 평범했습니다만 한 번 정도 괜찮은 것 같습니다,3,목,False,10
2023-10-11,2.0,"밥은 두 숟가락 만큼 주면서 심어저 찬밥에 딱딱함 
직원들 본인들만 엄청 바쁘고 물도 안가져다줌 
한명도 친절한 사람이 없음 평일이고 손님 안 많았는데... 더보기",2,수,False,10
2023-10-11,4.0,"예전보다 안내직원분이 많이 줄었어요
맛은 여전합니다!",2,수,False,10
2023-10-11,1.0,"평소에 운전자1명이 차 주차하는 동안 우리는 먼저 들어가 음식시켜놓고 그랫음. 그런데 오늘은 안내직원이 몇분이세요 물은 뒤 자리안내를 받았는데 다급히 우릴 쫓아오고 소릴지르고, 인원 다 안왔으면 못 앉는다고 하는거임. 음식은 바로 시킬꺼냐 음식부는데 괜찮냐 ... 더보기",2,수,False,10
2023-10-09,4.0,"항상 사람이 몰려서 대기가 있지만 조금만 기다리면 금방 자리를 정리하여 대기시간을 줄여줍니다.

칼국수 , 만두 맛은 언제나 좋았습니다.",0,월,False,10
2023-10-09,3.0,"맛있지만 한 번 가볼만한 곳.
회전율이 빠르긴 하지만 그만큼 테이블 간격이 좁고 어수선한 분위기.
인지도 때문인지는 모르겠지만 특출난 맛은 없었음.",0,월,False,10
2023-10-09,3.0,오랜만에 왔는데 칼국수 면이 좀 불어서 아쉬웠어요  밑에보니 저만 그런게 아닌듯 그래도 국물은 맛있었네요,0,월,False,10
2023-10-08,3.0,닭고기 육수와 마늘 듬뿍 김치,6,일,True,10
2023-10-06,4.0,"다닌지 20년정도 되었는데,
항상 정신없고 항상 빠르고 그렇다.
맛은 막 엄청난 맛은 아니지만,... 더보기",4,금,False,10
2023-10-05,1.0,위생 정말...먹다가 긴 머리카락 나온거 보고 그뒤론 못먹겠어요,3,목,False,10
2023-10-01,2.0,"유명하다길래 맛봄, 김치 맛있고 국물 적당히 감칠맛나는게 괜찮았지만 국물이 왜이렇게 미지근한지 이리 미지근한 칼국수는 첨 먹어봤네요 회전율 때문인가?완당도 걍..만두맛인디 그냥 soso 한번 가본걸로 끝",6,일,True,10
2023-10-01,4.0,"역시 맛있어요
다만 사람이 너무많아서 정신이없고
먹자마자 나가야 합니다",6,일,True,10
2023-09-29,5.0,언제 가도 좋은집,4,금,False,9
2023-09-28,2.0,오후 4시 사람 적을 때 갔는데 여기 왜 이렇게 불친절해졌는지? 직원 안내 받아서 자리 앉아 물 마시고 있으니 나이 지긋하고 양머리하신 다른 직원분이 자리를 다른 분과 함께 쓰는 테이블로 다시 옮기라고 하고. 홀에 자리 많이 비어있... 더보기,3,목,False,9
2023-09-27,5.0,"예전에 먹던 그맛이에요
사람많아서 줄서서 먹었지만 여전히 맛있어요",2,수,False,9
2023-09-25,5.0,우리나라 대표맛집 면발이 미쳤어요,0,월,False,9
2023-09-22,2.0,진짜 마늘향 너무쌤 김치도 그렇고 그나마 칼국수는 좀 먹을만한데 비빔은 완전 별루였음,4,금,False,9
2023-09-21,1.0,여기 한국 김치 이미지 다 망치는곳임 마늘을 얼마나 쳐넣엇길래 마늘맛이 더 나냐 외국인들 김치 이미지 다 망쳐놈 마늘김치노..??,3,목,False,9
2023-09-20,2.0,"위생과 내부 환경은 그저 그런 편
바빠서인지 주문하기까지 시간이 좀 걸림
그렇다고 마냥 불친절하진 않아... 더보기",2,수,False,9
2023-09-17,5.0,평이 왜 안좋지? 맛있기만 하던데,6,일,True,9
2023-09-15,4.0,"예전처럼 껌이나 사탕 주진 않지만
계산이나 주문이 빠르진 않지만
맛은 ... 더보기",4,금,False,9
2023-09-15,4.0,맛있어요 예전만큼은 아니지만 그래도 가끔 생각나요.,4,금,False,9
2023-09-14,4.0,"여름에 이 집 콩국수 안 먹으면 여름이 안 지나감... 연례행사로 무조건 먹어줘야함...  물론 410월까지 운영하니까 딱 여름만 하는 건 아니지만, 어쨌든 이 집 칼국수는 내가 좋아하는 여름 음식이다. 오리지널 칼국수들도 당연히 맛있고 김치랑도 잘 어울린다. 면도 초록... 더보기",3,목,False,9
2023-09-11,2.0,사람 엄청 많아요. 테이블도 빽빽하고 직원들 돌아다니는거 보면 정신없습니다. 음식은 금방 나와요 맛은 그닥..,0,월,False,9
2023-09-10,4.0,"만두, 칼국수, 콩국수, 겉절이 김치",6,일,True,9
2023-09-09,3.0,"모든 게 평범합니다. 미슐랭.... 잘 모르겠습니다.
칼국수는 고기국수맛이고 만두도 저엉말 평범합니다. 김치는 마늘향 정말 강합니다. 분위기 자체도 굉장히 어수선해서 식사에 집중을 잘 못하고 빨리 ... 더보기",5,토,True,9
2023-09-08,1.0,오 저의 리뷰가 삭제 되었군요. 하지만 전 포기 하지 않습니다.  또 올리면 되죠. 이 가게. 그 사이에 제 지인분이 또 불만을 말씀하시더라구요? 자리 다른데 앉았다 혼났다고? 서빙 하시는분 말고 복장 다른여자분이 계신데 그분한테 혼났답니다 가란데 안 앉았다고. 뭐 이런건 ... 더보기,4,금,False,9
2023-09-07,4.0,명동 갈 일이 있으면 가볍게 먹기 좋은곳.,3,목,False,9
2023-09-07,5.0,"맛있었어요 특히 김치가
김치때문에 가고싶어지는 곳
근데 ... 더보기",3,목,False,9
2023-09-07,5.0,"진한 국물과 부드러운 교자가 일품이예요
본점에 줄이 너무 길어서 바로 근처 분점으로 갔어요
다시 또 먹으러 가고싶어요",3,목,False,9
2023-09-05,4.0,명동가면 칼국수 먹으러 가는데 사람 많고 정신없긴 하지만 맛은 좋아요 밥 달라고 하면 작은 밥 줍니다 요즘은 달라고 해야 주는듯요,1,화,False,9
2023-09-02,1.0,"직원 분이 기싸움을 거시길래 그냥 나옴
그렇게 장사하지 마시길",5,토,True,9
2023-09-02,4.0,"맛 빼고는 다 가격, 친절도 다 별로이긴 하지만 맛하나때문에 별 세 개. 마늘 향 싫어하는 사람은 별로라고 생각할 수도 있음.",5,토,True,9
2023-09-01,5.0,"워낙 손님도 많고 유명한 곳이라 웨이팅은 있었으나 회전율이 빨라서 금방 들어갈수 있었습니다.
칼국수는 육즙 가득한 고기 육수를 먹는 느낌이라색달랐고 만두도 무난하게 맛있었습니다. 무엇보다 김치가 포인트! 맵지만 자꾸 들어가는 맛이 있어요",4,금,False,9
2023-09-01,5.0,만두 육즙이 대박.. 또 생각나는 맛. 보통 칼국수 국물이 아니면서 익숙한 맛이라 뭐지했는데 춘장향이 있어요. 비빔국수는 많이 맵지 않고 새콤달콤해서 만두랑 조합이 좋아요. 웨이팅 길어서 놀랐는데 금방 빠져요.,4,금,False,9
2023-08-29,1.0,"직원분들이 너무 불친절해요
주문 빨리 안한다고 화내고 자꾸 다그쳐요
맛은 맛있긴 했는데 많은... 더보기",1,화,False,8
2023-08-28,5.0,"가격 존버의 존버의 존버를 더해서 결국 혜자가 된 집
흡사 우사인 볼트에 견줄만한 조리 속도와
변함없는 맛 하나는 충분히 월클 ... 더보기",0,월,False,8
2023-08-28,5.0,"40년전부터 명동 갈때면 어머니 손붙잡고 갔던 곳..
마늘향이 강하고 양도 줄었지만..
맛과... 더보기",0,월,False,8
2023-08-28,1.0,솔직히 이 집 왜 유명한지 1도 모르겠습니다. 3층 카운터 보시는 직원분도 들어가서부터 하나도 친절하지 않고 다그치기만 해요. 물이 이상한 맛이 나기 힘든데 물조차 맛없습니다. 한번은 속아서 왔지만 다시는 안 올것 같네요.,0,월,False,8
2023-08-24,2.0,칼국수와 비빔국수 모두 양이 줄고 맛이 변함. 고기 고명이 줄어서인지 진하고 고소한 맛도 덜한 듯. 둘이 가서 국수 2개 시켰는데 양이 줄었길래 사리 2개 추가했더니 직원이 면전에서 한숨 쉼. 돈도 많이 벌었을 텐데 진짜 손님한테 너무 하다 싶었음. 계산하면 주던 껌도 없어짐.,3,목,False,8
2023-08-24,4.0,처음먹었을때보단 감흥이 적었지만 명동에 가면 들려야...,3,목,False,8
2023-08-24,4.0,국물이 맛있었어요 개인적으로 비빔 보다 칼국수가 더 맛있어요,3,목,False,8
2023-08-21,5.0,"예전 명동 나와서 먹던 칼국수맛 그대로
교자만두눈 환상적임",0,월,False,8
2023-08-21,3.0,가끔씩 생각이남,0,월,False,8
2023-08-19,4.0,칼국수 맛도  김치맛도  예전같지 않음,5,토,True,8
2023-08-18,4.0,"1년전 바퀴벌레 후기 보고 비위 상해서 안가다가 근처 갈 일 있어서 다시 방문.
여름 콩국수와 칼국수 맛 하나는 진짜.
바퀴벌레 다리 한두마디 정도는 참고 씹어 먹을 맛.",4,금,False,8
2023-08-16,4.0,"비빔국수 생각보다 맵고 콩국수 퀄리티가 꽤나 좋다 
외국인들이 많음",2,수,False,8
2023-08-14,3.0,일단 사람이 많아도 테이블 회전이 빨라서 거의 기다리지 않고 먹었던거 같았어요 만두랑 칼국수 시켜먹었는데 대만에서 먹었던 맛있게 먹었던 면이랑 맛이 비슷해서 좋았습니다,0,월,False,8
2023-08-13,5.0,칼국수 만두 콩국수 비빔국수,6,일,True,8
2023-08-12,5.0,여름에 콩국수가 예술입니다,5,토,True,8
2023-08-11,4.0,"8세 아이랑 가서 칼국수1 만두1 주문했는데 면 리필은 안된다고 밥만 해주셨어요
자일리톨껌도 이제 없나봐요 그래도 맛있었어요",4,금,False,8
2023-08-11,5.0,"서비스하며 무한리필 면에 육수 리필
맛도 안정적이고
관광객 코스지만 이만한 완성도의 집 많지 않다고 봄",4,금,False,8
2023-08-10,4.0,"솔직히 이렇게 줄 서서 먹을 맛은 아닌 것 같아요. 그리고 1년 전이라고는 하지만 콩국수 안에서 바퀴벌레 다리로 추정되는 이물질이 나온 건... 후기 보고 거부감 들어서 가기 싫었는데 일행이 원해서 갔다 왔는데, 지금 위생이 아떻든 확인할 방법이 없으니 저라면 굳이 ... 더보기",3,목,False,8
2023-08-09,3.0,"칼국수 맛있네요 칼국수 안에 있는 만두는 제 취향엔 별로였어요...
만두 맛은 평범한데 양이 많아서 겨우 먹었어요 
운좋게 웨이팅없이 먹어서 그런가 회전율... 더보기",2,수,False,8
2023-08-09,5.0,맛있어요 점심시간 피해서가세요 웨이팅 잘빠지긴해요,2,수,False,8
2023-08-08,5.0,"맛있음
마늘김치가 진짜 짱
리필도 되서 너무 좋아요",1,화,False,8
2023-08-07,2.0,맛 줄서는 이유 모르겠음,0,월,False,8
2023-08-07,5.0,진주회관 대신 명동에서 콩국수 먹기 좋은 곳입니다,0,월,False,8
2023-08-07,4.0,맛이 예전하고 다르지만 독특한 맛이라 좋습니다.,0,월,False,8
2023-08-04,5.0,"살면서 먹은 칼국수 중에 가장 맛있다.
바퀴벌레 나와도 맛있게 씹어먹을 맛",4,금,False,8
2023-08-04,5.0,줄도 길고 분주하지만 맛 하나로 용서되는곳,4,금,False,8
2023-08-03,4.0,맛은 있는데 친절하진 않음,3,목,False,8
2023-08-03,4.0,진한 칼국수와 김치는 언제나 맛있음,3,목,False,8
2023-08-01,5.0,"이곳에서 정말 좋은 추억들밖에 없었고, 맛있었기 때문에 좋은 추억으로 남았을 겁니다.
항상 갈때마다 설레는 곳..이 맛이 영원했으면 좋겠네요
. .",1,화,False,8
2023-07-29,1.0,깨갱깨개개갱 우 아줌마 마인드가 글렀어요 싸가지 뒤지게 없음 ,5,토,True,7
2023-07-23,4.0,"칼국수는 항상 그맛입니다. 비빔국수는 처음이었는데, 맛있네요.",6,일,True,7
2023-07-20,1.0,"짜기만하고 불친절하고 다신 갈일 없음

손님버릇 잘못든다니 뭐니 하면서 밥얻어먹으러 오는 사람 취급함",3,목,False,7
2023-07-20,5.0,존맛 ,3,목,False,7
2023-07-16,5.0,"칼국수, 콩국수 먹었는데 예상보다 콩국수가 맛있었습니다. 단순히 고소한 것도 아니고 짜거나 달거나 한 것도 아닌 것이 제 입에는 딱 맞았습니다. 칼국수도 나름의 특색이 있어서 나쁘지 않았습니다.
긴 시간 웨이팅 해가면서까지 먹을 필요은 없으나 명동 들린 김에 한 끼 식사로 나쁘지 않다고 생각합니다.",6,일,True,7
2023-07-12,1.0,일행이 다올때까지 들어가지못함.. 불친절. 맛도 줄 설정도는 아님,2,수,False,7
2023-07-11,3.0,뭔가 다 애매하네요...  맛도 서비스도 예전에 갔던 기억이 강렬했어서 그런건지,1,화,False,7
2023-07-11,1.0,제 입맛에는 진짜 별로. 중국식 칼국수 느낌이었는데 칼국수가 느글거리긴 처음. 만두도 그냥저냥 아무데서나 사먹는 맛. 특히 국수가 느글거려서 김치가 너무 땡기는데 여기 김치는 마늘 범벅이어서 손이 안감. 김치 먹으면 별로여서 국수 한입. 국수 먹으면 김치가 땡겨서 김치 먹는데 이게 무슨 맛? 의 반복,1,화,False,7
2023-07-08,4.0,사람이 너무 많은데 맛있다 콩국수 콩국수,5,토,True,7
2023-07-08,2.0,"김치가 제일 맛있다!!
나머지는 모르겠다!!
저렇... 더보기",5,토,True,7
2023-07-07,4.0,"평소 좋아하는 칼국수집.
예전엔 밥먹고 입 헹굴 수 있게 화장실에 가글과
자일리톨 껌을 주었는데 이제 안줘서 먹고나면 찝찝",4,금,False,7
2023-07-06,5.0,"It was an amazing experience and I brought my foreign friends there too!! The menu is quite limited, but because its a Michelin restaurant, the standards are high and the food is g... 더보기",3,목,False,7
2023-07-06,5.0,언제나 최고,3,목,False,7
2023-07-06,1.0,자주본아줌마 는 기분파 세요?,3,목,False,7
2023-07-05,3.0,"칼국수는  쏘쏘
김치는  마늘맛이  너무 강함",2,수,False,7
2023-07-03,4.0,"여기는 마늘 잔뜩 들어간 김치 먹으러 가는곳. 
칼국수도 맛있음.",0,월,False,7
2023-07-02,3.0,30년 단골에다 해외사는지라 입국할때마다 들르는 곳인데 엊그제 가보고 너무 실망했네요. 너무 너무 불친절 하세요. 오픈런이라 빈자리가 많았는데 35분후에 일행이 온다는데도 아예 들어가지도 못하게 하고 밖에 폭우라서 양해를 구했는데도... 더보기,6,일,True,7
2023-07-01,4.0,혼자오면 독서실같은 자리를 줘서 공간은 협소하지만 여전히 맛있어요 얇은 만두피 마늘맛 김치 자꾸 생각나는맛,5,토,True,7
2023-06-30,1.0,중국맛 칼국수회전율이 좋은 것 치고 김치도 너무 안신선함,4,금,False,6
2023-06-29,3.0,너무좁음 맛은 평균,3,목,False,6
2023-06-26,3.0,외국인만 가는걸로. 현지인은 한번 가본 것으로 만족함.,0,월,False,6
2023-06-25,5.0,"The noodles and soup is great, dumplings are pretty good as well. the servings are sufficient for 2 pax if you are planning to try everything",6,일,True,6
2023-06-24,1.0,"만두 포장을 2개 했는데 1개만 싸줬네요.
밥 먹는 도중에 옆에 두고 가서 확인을 못하고 집에 와서 보니 1개만 들어 있어... 더보기",5,토,True,6
2023-06-23,1.0,"혼자오니 뒤에 온 두명 손님 먼저 들여보냄 
주문은 어찌하는지 안내도 없고 뭐 일일이 물어봐야 됨 
왜 한국인은 안오고 외국인만 많은지 알겠네",4,금,False,6
2023-06-23,1.0,"넘넘 애정했던 곳인데 위생은 개선되었나요? 바퀴벌레 다리, 수세미조각 사건이후 못가고 있어요",4,금,False,6
2023-06-22,1.0,칼국수 국물이 맹탕. 덜 끓어서 그런거면 한번은 용서가 되지만 노란머리 외국인도 먆이 보이는 대한민국 대표식당이 점차 외면받을까봐 걱정되네,3,목,False,6
2023-06-21,4.0,"칼국수를 별로 안 좋아하는데
이날따라 갑자기 땡겨서 명동 온 김에 먹어봄.
근데 혼자 온 사람은 다... 더보기",2,수,False,6
2023-06-20,2.0,만두는 맛있음 그렇다고 특별히 맛있는건 아님 칼국수 괜찮음 국물도  근데 비빔국수는 양이 싸가지가 없음 크게 네젓가락뜨면 사라짐 쓴맛이 많이남 미쉐린가이드 준놈 줘패얄듯 ,1,화,False,6
2023-06-19,2.0,"초심을 잃은 곳...
4월에 방문했다가
혹시나 하고 어제 재방문했으나,
무조건 정해... 더보기",0,월,False,6
2023-06-18,3.0,"초심을 잃은것 같음 예전의 그 맛이 아님
명동에 가면 제일 먼저 찾게 되는 맛집이었는데 칼국수도 김치도 조금 실망스러웠음",6,일,True,6
2023-06-18,5.0,맛이 모든것을 커버함 콩국수 진국! 칼국수맛이 안변함 김치존맛 어렸을때 갔어도 나이들어가도 명동맛집,6,일,True,6
2023-06-18,3.0,"양파맛이 강해서일까 어쩐지 짜장면 맛이 나는 칼국수. 담백이랑은 거리가 멀다. 
마늘 좋아하지만 김치에서 마늘이 과하다고 느껴짐",6,일,True,6
2023-06-17,4.0,국물과 만두가 정말 맛있고 가성비도 좋습니다. 면이 쫄깃하지 않은건 아쉽습니다. 그래도 추천할만큼 맛있습니다.,5,토,True,6
2023-06-17,3.0,혼자왔는데 어디앉아야 되냐고 묻자 인상 찌푸리고 대꾸도 안함.....다른 서버분이 주문받아주심.. 유명하다해서 와봤는데.. 앞으론 별로 가고싶지 않네요,5,토,True,6
2023-06-16,5.0,"칼국수 김치 모두 맛있다
줄이 길지만 회전이 빨라 금방 줄어드는 편",4,금,False,6
2023-06-13,5.0,"30년 넘게 다닌 맛집 

양이 쭐어드... 더보기",1,화,False,6
2023-06-12,5.0,!!!,0,월,False,6
2023-06-10,5.0,"맛있다
짱맛탱",5,토,True,6
2023-06-08,2.0,한 번 가보고 굳이 안 감,3,목,False,6
2023-06-06,4.0,"막 친절한 느낌은 아니지만
그렇다고 막 불친절하시지도 않아요
줄이 길어도 회전율이 빨라서 금방 들... 더보기",1,화,False,6
2023-06-03,5.0,최고입니다,5,토,True,6
2023-06-02,1.0,"이렇게 황당한 적은 처음이에요. 주문하고 기다리고 있었더니 처음 주문받았던 분이랑 다른 아주머니가 와서 왜 주문안하냐, 주문한건데요 하니 주문했으면 결제를 당연히 먼저 해야 하는 거 아니냐고 저를 면박주셨어요 그전 종업원분은 주문만 받아가셨고 결제에 대해서는 아무런 말씀 없으셔서 몰랐구요 옆에서 보시던 분... 더보기",4,금,False,6
2023-06-02,5.0,"칼국수로 빌딩을 세운 집
먹어보면 이해가 됩니다.
마늘 김치의 알싸함과 녹진한 육수의 칼국수
... 더보기",4,금,False,6
2023-05-31,1.0,"옛날엔 사람많아도갔었는데 , 오늘가고선 이젠 안와야겠다 생각했어여 계산만 칼같이받고, 접시달라해도안주고 사리추가요청해도 대답도안하고..한참기다리다가 다른분한테 얘기하고 뿔어있는 사리받았어요 .서비는 최악인듯여 .컷트머리파마아줌마 다... 더보기",2,수,False,5
2023-05-31,4.0,음식은맛있게먹었는데사람들이넘많았어요....,2,수,False,5
2023-05-28,3.0,여기 좋아했는데.,6,일,True,5
2023-05-27,3.0,"23. 5. 27. 물가가 올라서 그런지, 키오스크와 서빙 로봇을 구매해서 그런지 전반적으로 퀄리티가 떨어진 느낌..! 점점 더 육수가 묽어지는거 같고, 다먹고 입... 더보기",5,토,True,5
2023-05-27,3.0,가격은 쎄지만 어마어마한 외국인들 입장에 두번 놀라고갑니다,5,토,True,5
2023-05-26,5.0,만두가 정말 맛있어요,4,금,False,5
2023-05-22,5.0,요즘 기다리지않아 좋아요,0,월,False,5
2023-05-19,5.0,가장 맛있는 식사 한끼,4,금,False,5
2023-05-19,2.0,그냥 무난한 칼국수 맛. 음식 나오는 곳 쪽에서 식사를 했는데 직원들이 물어보는 거에 대답도 안해주고 본인들끼리 불만 가득한 얼굴로 궁시렁 거림. 어차피 외국인들 덕에 장사가 잘 돼서 그런지 직원들 태도가 엉망 .,4,금,False,5
2023-05-18,4.0,다음날 마늘향 감당 가능하면 추천,3,목,False,5
2023-05-17,4.0,"마늘김치가 상당히 맛있습니다. 하지만 식사 환경이 환기가 잘 되지 않아 답답하고 복잡합니다.

고기 베이스의 육수인데 칼국수는 역시 멸칼인가요?",2,수,False,5
2023-05-16,5.0,"면이 옛날과 좀달라졋지만
여전히 맛있었어요

... 더보기",1,화,False,5
2023-05-14,5.0,칼국수는 말할 것도 없고 김치 존맛,6,일,True,5
2023-05-12,4.0,만두는 평범! 김치가 그렇게 맛있다는데 저는 그냥 그랬어요 칼국수 국물 진하고 면이 되게 부드럽고 맛있어요,4,금,False,5
2023-05-11,4.0,"칼국수 국물의 화려한 외출.
몇번은 더 경험하고픈 강렬한 첫경험.",3,목,False,5
2023-05-11,5.0,"마늘김치, 칼국수 맛있어요. 명동가면 항상가는 집!",3,목,False,5
2023-05-08,5.0,지금까지 먹어본 칼국수 중에 최고,0,월,False,5
2023-05-08,2.0,"교자칼국수 좋아해서 오랜만에 찾아갔는데..
옛날맛이 아닌거같아요 ",0,월,False,5
2023-05-07,3.0,"칼국수 주문 면은 부드럽고, 고기국물이 진함! 양도 많고, 같이 온 일행들도 만족함, 만두도 담백하고 맛있음. 칼국수에 만두 4개 넣어줬는데, 개인적으로 따로 시킨 만두가 더 맛있다",6,일,True,5
2023-05-07,1.0,"너무 늑늑한 맛
만두는 역시 비비고",6,일,True,5
2023-05-05,1.0,"칼국수 만두 비빔국수 
또 가진 않습니다",4,금,False,5
2023-05-05,4.0,언제나 맛있어요.,4,금,False,5
2023-05-05,2.0,"맛은 있습니다. 그런데 직원이 물도 안주고 달라 해도 계속 안 주고 3번 불러야 줌 그리고 줄 설때 아저씨가 너무 불친절
글고 칼국수인데 만원.. 선 넘네",4,금,False,5
2023-05-04,3.0,추억팔이하러가는 것 외엔 친절은 기대하지마시길.,3,목,False,5
2023-05-04,5.0,"가끔 생각나는 칼국수
만두도 맛나요  ",3,목,False,5
2023-05-03,5.0,넘 맛도리 30년 단골입니다,2,수,False,5
2023-05-03,3.0,칼국수는 별로였지만 김치가 존맛이어서 김치 먹으려규 칼국수 먹었음 김치에 마늘향이 강해서 호불호 갈릴 듯 하지만 난 마늘의 민족이라 만족했음 칼국수는 미리미리 끓여놔서 면이 다 퍼졌음,2,수,False,5
2023-05-03,4.0,"회전율이 굉장히 빠른곳이예요!
덕분에 웨이팅 없이 빠르게 들어갔지만 약간의 여유 없이 수저에서 손을 떼면 쫒겨나듯 나와야해요
하지만 안매운 짬뽕같은 칼국수맛이 자꾸... 더보기",2,수,False,5
2023-05-03,5.0,늘 가도 맛있다. 진한 칼국수 국물과 마늘맛이 강한 겉절이의 조화가 기가막힘. 밥말아먹어도 꿀맛,2,수,False,5
2023-05-03,5.0,마늘주사 맞지말고 여기와서 마늘김치 두접시 먹으면 됨,2,수,False,5
2023-05-01,2.0,"이젠 맛집이 아니라고 생각합니다.
맛이 없어요. 비싸기만하고.
김치도 예전만 못해",0,월,False,5
2023-04-30,4.0,"서빙로봇 귀여움
김치가 맛있다",6,일,True,4
2023-04-30,4.0,사람많지만 회전율 빨라서 많이 안기다려요! 비싸지만 맛있습니다,6,일,True,4
2023-04-28,3.0,비빔국수가 그나마 맛있고 칼국수는 고추가루 안 넣은 불짬뽕 맛이네요,4,금,False,4
2023-04-28,5.0,명동갈때마다 거의 가는곳 가격이 많이 비싸졌지만 여전히 그맛 그대로 리필도되고 좋음,4,금,False,4
2023-04-28,1.0,가장 중요한 맛도 없고 줄 서는 곳 여자 직원은 물어보는 말에 귀찮다는 듯 신경질적으로 대답하고 주문받는 남자 직원은 자리에 앉자마자 가방도 안내려놨는데 주문 계속 재촉하고 결제한 카드 식탁위에 슬라이드하듯 던지고... 여기가 왜 유명한지 모르겠네요 맛있으면 ... 더보기,4,금,False,4
2023-04-27,4.0,진짜 맛있었는데 갈수록 맛도 조금씩 변하고 김치도 변하고 그래도 여전히 맛있음,3,목,False,4
2023-04-26,3.0,"중국집칼국수맛이 나는곳 그래서 호불호 갈릴수도있지만 무난하게 잘 먹고 왔어요 또 비빔국수 맛있는데 마늘 좋아하시는 분이라면 좋아할것같아요
하지만 자리가 너무 좁네요",2,수,False,4
2023-04-24,1.0,"양 작고, 짜고
사람 많은 이유를 모르겠음   
비빔국수 짜고  ... 더보기",0,월,False,4
2023-04-18,5.0,"저희는 50년 단골입니다. 
캐나다로 이민갔지만 한국에 올 때마다 꼭 들러줘야하는 곳이지요. 
갈수록 인기이고 외국사람도 많은 곳이 되어 줄도 사야하지만 넘 자랑스럽네요. 칼국수",1,화,False,4
2023-04-17,1.0,"맛 3.5점  10점
서비스 0.5점  10점",0,월,False,4
2023-04-16,3.0,가격은 올랐는데 양은 줄고 맛은 변한 느낌이 드네요 명동 하면 생각나던 칼국수집이었는데 아쉬워요,6,일,True,4
2023-04-15,5.0,이거 먹으러 서울와요 ,5,토,True,4
2023-04-10,5.0,마시써요잉,0,월,False,4
2023-04-08,5.0,"늘 한결같은 맛있음을 기대하고, 여지없이 기대를 충족해줍니다.",5,토,True,4
2023-04-06,3.0,맛있는데 너무 정신없고 테이블도 제대로 안닦아줌..,3,목,False,4
2023-04-05,5.0,"맛집중에 맛집 
칼국수는 명동교자!",2,수,False,4
2023-04-04,5.0,정말 맛있어요 칼국수 최고의 맛,1,화,False,4
2023-04-03,1.0,칼국수 맛있다는분들 신기하네 맛있는데 안가보셨나 칼국수에서 쌀국수맛이남.. 테이블 간격이 너무좁아서 불편함,0,월,False,4
2023-03-27,4.0,"시간지나면 생각나는 맛.
부들부들한 면.. 맛평타침
자리는 많지만 테이블 협소, 웨이팅은 빨리 줄어드는 편.",0,월,False,3
2023-03-27,4.0,"명동오면 꼭 한번 들러야 하는 집 칼국수 , 김치, 만두 조합 굿
다만 사람 많고 협소함이 불편",0,월,False,3
2023-03-26,5.0,서울에 살면 한번은 꼭 먹어봐야 되는 칼국수 맛입니다. 웨이팅 미쳤고 엄청 붐비는 와중에도 2층 직원분들 친절하셨어요.,6,일,True,3
2023-03-25,3.0,"그릇 작아졌어요
양 줄었어요
서비스로 주시던 껌 없어졌어요
새컵에 물이 그대로 있는채로 포... 더보기",5,토,True,3
2023-03-23,1.0,여기가 그 바선생이 콩국수에 갈려서 들어간..,3,목,False,3
2023-03-21,3.0,"그냥 칼국수랑 만두
인상적이진 않았음
재방문 할 것 같지도 않음",1,화,False,3
2023-03-20,2.0,"오늘 오후에 먹은 칼국수 만두  그저 그런맛이네요.
김치에 왠 마늘을 그렇게 많이 넣어는지?  김치 본연의 맛이 나지 않음",0,월,False,3
2023-03-19,2.0,"칼국수 하나랑 만두 주문
메뉴가 넘 기름지고 김치는 맵다외국인들도 엄청 많이오는데 매울듯.. 테이블이 좁고 손님을 우겨넣어서 상당히 어수선하고 정신없는 느낌이었음.",6,일,True,3
2023-03-16,1.0,"기본적으로 눈을 맞추지 않고 소통보단 일방적인 응대, 벨이 없는데 아무리 손을 들어도 주문받지 않는 무신경, 김치한번 리필받는데 잠깐만이라고 반말하고 다시 오지 않는 여러명의 직원들, 나보다 늦게 받은 아주머니가 다 먹고 갈때나 받은 김치, 깨끗한 컵을... 더보기",3,목,False,3
2023-03-13,1.0,"저녁시간대 방문하였는데 2층의 검은옷직원의 불친절한 태도와 더불어 타직원들에게 매우 강압적이고 짜증을내어 식사하는 내내 불쾌하였음. 
칼국수맛은 짜장면맛... 더보기",0,월,False,3
2023-03-13,3.0,"별점 3.5

한 번쯤은 먹어볼 만 함.
면이 부들부들하고 간이 잘 배어있음. 김치랑 같이 먹으면 맛있지만 나트륨폭탄 주... 더보기",0,월,False,3
2023-03-13,1.0,"이게 맛있다는 사람의
미각을 의심해봐야하는 수준.",0,월,False,3
2023-03-12,4.0,나름 가성비  때때로 찾게되는 지속적수요... 특유의 중독성이 있음,6,일,True,3
2023-03-12,3.0,"맛이 변함 국물이 너무 밍밍해짐 
옛날에 그 찐하고 걸쭉하기 직전이던 국물이 아님",6,일,True,3
2023-03-09,1.0,"명동에서 매우 유명한 가게라고 추천을 받아 방문하였는데, 맛을 떠나 굉장히 낮은 수준의 서비스에 실망했습니다. 검은 옷에 안경을 쓰신 여성 직원분께서 굉장히 불친절할 뿐만 아니라 다른 직원 분께서 실수로 다른 테이블의 메... 더보기",3,목,False,3
2023-03-04,5.0,올웨이즈 레전드,5,토,True,3
2023-03-02,1.0,"만두.칼국수.  이름값을  못하내요.  이름이  아까움.  만두 먹고  뱃속에서  고기냄새가 나서.  안 좋았음.  
줄서서  먹을  그런.. 맛은  전혀아님.",3,목,False,3
2023-02-25,5.0,언제와도 맛있고 청결해요 고마워요,5,토,True,2
2023-02-20,1.0,잠시 자리비웠는데 다른사람이 앉아 있네요 칼국수 진짜 맛없어요 완전 비추!!,0,월,False,2
2023-02-17,2.0,"예전의 그 명동칼국수를 기대하고 가시면 대 실망합니다.
우육면 비슷한 된장국 색깔의 육수에 풀어진 면발, 만두가 들어 있는 칼국수
60대 후반인 우리 부부가 먹었던 게 아닙니다. 겉절이도 그렇고...",4,금,False,2
2023-02-13,1.0,"칼국수, 만두는 맛있음 근데 요즘 이정도 맛집은 마음 먹으면 찾을듯..김치는 정말 최악 ..  이건 마늘김치인줄..
불친절한건 손님이 많으니까 그런가보다할수있는데 관리자, 매니저, 사장?  여튼 아래 직원 혼... 더보기",0,월,False,2
2023-02-12,1.0,"비빔국수가 아니라 마늘국수 먹는줄 ..

만원짜리 식사를 시켜도 국물... 더보기",6,일,True,2
2023-02-12,1.0,"맛이 정말... 특히 비빔국수는 
예전엔 일부러 찾아가는 맛집이었는데 이젠 ",6,일,True,2
2023-02-08,1.0,"바퀴벌레 출현 시기
22년1월24일 칼국수에서 바퀴벌레 다리 나옴네이버 블로그
22년6월18일 콩국수에서 바퀴벌레 다리 나옴네이버 지도 후기
... 더보기",2,수,False,2
2023-02-07,5.0,칼국수랑 만두 맛있어요!,1,화,False,2
2023-02-07,5.0,"요즘은 명동에서 주1회. 먹는데
먹을때마다 점점 더 맛있어요.
강추",1,화,False,2
2023-02-05,3.0,10년만에 갔는데 솔직히 맛이 없진 않습니다. 근데 올라간 만두는 그냥 만두피 수준이고 고기 좀 들어있는 칼국순데 이게 이렇게 미친듯이 줄서서 먹을 일인가요? 외국인들도 신기해서 줄서서 먹고가던데 솔직히 그정돈 아닙니다.  다른 맛있는거 많은데 여기만 줄이 어마어마해서 이해가 안갈뿐.,6,일,True,2
2023-02-05,3.0,어렸을때 가족들 손 붙잡고 명동 오면 꼭 들렸던 곳. 마지막 방문은 2017년쯤 했는데 너무 사람 빽빽하고 빨리 먹고 나가라는식의 접대가 별로였음. 맛은 그대로 좋았으나 양은 살짝 줄어든 상태였음. 밑에 리뷰 보니 최근 바선생님도 나오... 더보기,6,일,True,2
2023-02-01,4.0,변함없는 그맛그렇게 사람들 평점 낮게 줌에도 불구하고 사람들이 붐비는 이유는? 그래도 맛은 있다..라는게 맛집학계 정설,2,수,False,2
2023-01-27,5.0,마늘맛 김치가 인상적이에요. 칼국수는 잡채맛같은국물..,4,금,False,1
2023-01-26,5.0,솔직히 여기 다들 왜 이러는지는 모르겠는데 4살부터 갔었는데 진짜 존맛탱이고 사이즈 작아진대는데 그대로임  그리고 그 바선생 사건은 사실이지만 그뒤에는 위생이 진짜 깔끔해짐 11년차 다니는데 엄청 바쁠때 한번 칼 2개에 만두 3개 시켰는데 칼 ... 더보기,3,목,False,1
2023-01-23,3.0,"만두는 굳
칼숙수는 평균이하",0,월,False,1
2023-01-16,1.0,"옛날이 훨씬 맛있었음
지금은 맛 이상해짐
짜장면에 국물 부은 거 같음",0,월,False,1
2023-01-13,5.0,늘 먹던 만두와 차원이 다르다. 입에 넣고 씹는 순간 풍부한 육즙에 한 가득.최고줄이 길어도 빠르게 회전되는 점도 최고,4,금,False,1
2023-01-12,2.0,정신 없고 사람 많고 직원들도 바빠서 그런지 불친절해요. 칼국수랑 만두 맛은 기대했던거에 비하면 평범해요.,3,목,False,1
2023-01-09,5.0,칼국수 만두,0,월,False,1
2023-01-08,3.0,예전에 설구경하러 올때마다 들렀던 곳. 거의 십여년만에 찾아온거 같은데 예전 맛 그대로다  칼국수면 식감 좋고 국물에는 간고기 듬뿍 마늘향 듬뿍 불맛도 살짜쿵 느껴지고. 마늘이 잔뜩 들어간 것절이 김치... 더보기,6,일,True,1
2023-01-04,1.0,"음식의 양은 날이갈수록 적어지고 테이블의 크기는 날이갈수록 작아진다. 

이태원은 불친... 더보기",2,수,False,1
2023-01-01,2.0,솔직히 왜 줄서서 먹는지 모르겠어요. 맛도 평타. 직원들은 많이 바빠서그런지 불친절해요. 잘못하고 물을 바닦에 흘려 죄송하다고하고 걸래... 더보기,6,일,True,1
2023-01-01,1.0,"손님을 손님 취급하지 않는곳
돈벌이로만 취급하는 곳은 언제가는...",6,일,True,1
2022-12-29,1.0,"입구안내 직원의 불친철은 세계최고 !! 
외국인 친구들 데리고 갔다가 상당히 불쾌했음 
설명 그지같이해서 다시 물어보니 막 소... 더보기",3,목,False,12
2022-12-28,1.0,"12월24일방문하여습니다만이기다리다가들어갔습니다직원들정말불친절하고
칼국수맛은지금까지먹어본칼국수중최악  다시가고십은생각단1도업음
명동교자업주는머니만벌리면손님으안중에도업음 다시안가다절대안간다",2,수,False,12
2022-12-28,1.0,"와 진짜. 블친절 끝판. 중국인줄.

직원들 단체로 교... 더보기",2,수,False,12
2022-12-26,1.0,"예전보다 훨씬 못한 맛.. 게다가 여기 바퀴벌레 내용땜에 찾아보니 찐 행정처분 내려졌던 사건  속 안좋아졌어요....

30... 더보기",0,월,False,12
2022-12-25,4.0,"존맛 호불호 갈리지만 난 호..
테이블 너무 붙어있어서 급식소 같은 느낌.... 더보기",6,일,True,12
2022-12-25,4.0,칼국수 만두,6,일,True,12
2022-12-24,5.0,이집 맛있어요,5,토,True,12
2022-12-24,1.0,"그렇게 맛있대서 웨이팅하고 가봤는데
면은 불어있고 진짜 맛없었음
왜 그렇게 명동교자에 환장해 있는지 모르겠... 더보기",5,토,True,12
2022-12-23,3.0,"비빔보단 칼국수가 맛있는곳
만두는 피도 얇고 맛있었어요
근처 갔다가 따뜻한... 더보기",4,금,False,12
2022-12-22,4.0,음........ 가끔 생각나면 먹을 맛...?,3,목,False,12
2022-12-22,2.0,"웨이팅 엄청길고.. 김치는 맛있는데 칼국수는 그냥 그래요
바빠서그런가 불친절하시고 뭔가 정신없이 먹어서 먹은거같지도않은.. 친구가 멀리서와서 먹어보고싶다해서 먹었는데 저는 다시는 안갈거같아요",3,목,False,12
2022-12-21,4.0,가끔 가는데 먹을만해요 먹고나면 하루종일 입에서 마늘냄시나요,2,수,False,12
2022-12-21,3.0,"전반적으로 지저분, 맛은보통 일부러 갈정도는
아닌게 된것인가. 가끔 면이 뿔어서 나옴.",2,수,False,12
2022-12-20,3.0,대기인원 엄청 많다.주말 저녁 웨이팅 30분 정도이며 사람이 많아 정신없음. 칼국수랑 만두는 맛있었음,1,화,False,12
2022-12-20,3.0,"맛은 있음.
가격도 이해할만 함.
대기는 생각보다 길진 않음.
줄은 항상 길지만... 더보기",1,화,False,12
2022-12-17,1.0,"너무 느끼하고 불친절해요 
돈아끼세요..",5,토,True,12
2022-12-17,1.0,눈에 문신 심하게 한 인상강한여자가 주인인가요? 진짜 어디서 공짜로 국수주는것도 아니고 말투 이상하게 기분나쁘게 말 내뱉고  정말 토나오는줄알았네.. 바쁘다는것도 그럼 자기네 돈버는건데 돈은 벌면서 말은 기분님브게 내뱉겠다??? 정말 토나옴,5,토,True,12
