rating,date,content,date_est,est_year,est_month,tokens
5,1달 전,"한 입 먹으면 왜 이곳에 줄을 서야 하는지 명확하게 알 수 있음. 진하고 깊은 국물과 입안을 강렬하게 채우는 마늘 김치가 미쳤음. 교자는 슴슴한 타입이라 내 취향은 아니지만, 추천. 앞으로도 자주 오고 싶은 곳.",2025-06-24 14:53:06.782454+09:00,2025.0,6.0,"['국물', '입안', '마늘', '김치', '교자', '슴슴', '타입', '취향', '추천', '자주']"
5,3달 전,"관광객 발길이 끊이지 않는 곳입니다. 명동 맛집 명동교자입니다. 워낙 유명한 곳입니다. 미쉐린가이드에 매년 선정되는 곳입니다. 1966년에 문을 열고 여태 전통 조리법을 고수하고 있답니다. 명동 본점과 분점, 신관 명동역점, 이태원 직영점을 운영하고 있습니다.",2025-04-24 14:53:06.782454+09:00,2025.0,4.0,"['관광객', '발길', '명동', '맛집', '명동', '교자', '워낙', '미쉐린', '가이드', '매년', '선정', '여태', '전통', '조리법', '고수', '명동', '본점', '분점', '신관', '명동', '역점', '이태원', '직영', '운영']"
5,1달 전,"2023년에도 왔고, 올해도 왔다 갑니다 명동교자는 야들야들 맛있고, 올해는 칼국수말고 비빔국수를 먹어 봤는데, 살짝 매콤하니 맛있었어요! 끝에는 마늘맛만 강하게 나서 싹싹 긁어먹진 못했어요. 하지만 별미로 추천해용 굿굿",2025-06-24 14:53:06.782454+09:00,2025.0,6.0,"['올해', '명동', '교자', '야들야들', '올해', '칼국수', '비빔국수', '살짝', '매콤', '마늘', '싹싹', '별미', '추천', '굿굿']"
3,3달 전,"외국인 관광객에 맞게 맛, 간이 변했다
불고기 다진 고명을 칼국수. 비빔국수에 넣다보니
단 맛이 많고, 국물의 칼칼함과 단백함,  특유의 고추장 맛이  느껴지지 않는다",2025-04-24 14:53:06.782454+09:00,2025.0,4.0,"['외국인', '관광객', '간이', '불고기', '고명', '칼국수', '비빔국수', '국물', '특유', '고추장']"
3,1달 전,"맛은 있으나 대기 30분 정도 할 정도는 아닌것 같습니다. 내국인보다 외국인들에게 포지셔닝이 잘 된 곳입니다.

교자는 만두피가 얇고 고기와 야채가 꽉 차 있어 인적으로는 만족.",2025-06-24 14:53:06.782454+09:00,2025.0,6.0,"['대기', '정도', '정도', '외국인', '포지셔닝', '교자', '두피', '고기', '야채', '인적', '만족']"
4,4일 전,"맛있는 칼국수와 교자..그리고 마늘향 강한 김치는 밥보다는 사리추가는 진리이지요...
평일 3시경 방문 대기없음..",,,,"['칼국수', '교자', '마늘', '김치', '사리', '추가', '진리', '이지', '평일', '방문', '대기']"
4,5달 전,"칼국수 주문.
면  얇고 부드럽고 찰지면서도 잘 끊기는 후루룩 하기 좋은 질감과 식감.
국물  양파를 볶아 중화요리 느낌의 불 맛과 닭육수의 기름짐을 갖고 있고 대중적인 칼국수 국물 맛이 아닌 이 곳만의 독특함을 지닌 맛. 처음",2025-02-24 14:53:06.782454+09:00,2025.0,2.0,"['칼국수', '주문', '후루룩', '질감', '식감', '국물', '양파', '중화요리', '느낌', '수의', '기름', '대중', '칼국수', '국물', '처음']"
5,4달 전,"칼국수 11,000원
교자만두 13,000원
칼국수 사리, 밥 추가 1회 무료",2025-03-24 14:53:06.782454+09:00,2025.0,3.0,"['칼국수', '교자', '만두', '칼국수', '사리', '추가', '무료']"
5,7달 전,"전반적으로 김치에 마늘향이 강하고 살짝 단맛이 있음.

칼국수는 불향이 나며 진한 감칠맛이 나는 국물이 특징임.",2024-12-24 14:53:06.782454+09:00,2024.0,12.0,"['전반', '김치', '마늘', '살짝', '단맛', '칼국수', '불향', '감칠맛', '국물', '특징']"
5,1달 전,"여긴 유명한 식당입니다.
그냥 유명한 식당 아니고 아주 유명한 곳입니다.
맛있다고 소문이 자자한 맛집 입니다.",2025-06-24 14:53:06.782454+09:00,2025.0,6.0,"['식당', '그냥', '식당', '아주', '소문', '맛집']"
4,3달 전,"맛있습니다. 처음갔을때 너무 맛있어서 두번째  방문인데, 여전히 음식은 맛있으나 가격이 그만큼 합니다. 만두 10개에 13,000원 칼국수가 11,000원 이면 음식맛이나 재료는 당연히 훌륭해야겠죠. 다만 일하시는 분들은 친절한반면 현관입구에 줄세우시는분이 좀 불친절해요. 바쁜건 알겠지만 좀...",2025-04-24 14:53:06.782454+09:00,2025.0,4.0,"['처음', '두번째', '방문', '음식', '가격', '만두', '칼국수', '이면', '음식', '재료', '다만', '반면', '현관', '입구']"
4,4달 전,"칼국수와 만두와 녹차 비빔면
김치도 훌륭하다",2025-03-24 14:53:06.782454+09:00,2025.0,3.0,"['칼국수', '만두', '녹차', '비빔면', '김치']"
5,4달 전,"서울에서 가장맛있는 칼국수집이자 관광명소이자 기다림의연속인곳.

특유의 마늘가득 김치와 김칠맛나는 국물이 인상적.",2025-03-24 14:53:06.782454+09:00,2025.0,3.0,"['서울', '가장', '칼국수', '이자', '관광명소', '이자', '기다림', '연속', '특유', '마늘', '가득', '김치', '국물', '인상']"
5,5달 전,"국내 최고의 칼국수. 진한 고기육수 국물과 쫄깃한 면발, 교자만두가 들어가 있고 매콤한 김치까지 너무 풍성한 맛이예요. 대기손님이 늘 있지만 회전율이 높아 빨리 자리가 나와요. 작은 공기밥 또는 면사리 추가가 가능해요",2025-02-24 14:53:06.782454+09:00,2025.0,2.0,"['국내', '최고', '칼국수', '고기', '육수', '국물', '쫄깃', '면발', '교자', '만두', '매콤', '김치', '손님', '회전', '자리', '공기밥', '사리', '추가']"
4,3달 전,"맛있다 만두속에 고기가 꽉꽉 차있다
칼국수는 고기육수가 진짜 진하다.
진하다 못해 걸쭉해서 칼국수가 아니라 다른 요리를 먹는 것 같다. 약간 중식같기도?",2025-04-24 14:53:06.782454+09:00,2025.0,4.0,"['만두', '고기', '칼국수', '육수', '진짜', '칼국수', '다른', '요리', '약간', '중식']"
3,2달 전,"이자리에서 앞쪽으로 이전했네요
국수면은 부드러운 기계면입니다
국물은 고깃국물이구요",2025-05-24 14:53:06.782454+09:00,2025.0,5.0,"['자리', '앞쪽', '이전', '수면', '기계면', '국물', '국물', '이구']"
4,1달 전,"주차를 하고  와야함
인원전부 기다려야함
국수양 적음",2025-06-24 14:53:06.782454+09:00,2025.0,6.0,"['주차', '인원', '전부', '국수']"
5,6달 전,"너무나 유명한 명동교자입니다.
30년만에 본점을 방문했습니다.
주말에 방문했기 때문에 손님이 엄청 많았습니다.",2025-01-24 14:53:06.782454+09:00,2025.0,1.0,"['명동', '교자', '본점', '방문', '주말', '방문', '때문', '손님']"
5,3달 전,"점심시간에 방문했습니다.
대충10분 기다렸어요.
혼밥은 합석해야합니다.",2025-04-24 14:53:06.782454+09:00,2025.0,4.0,"['점심시간', '방문', '대충', '혼밥']"
3,3달 전,"좋아하는 사람은 좋아하겠지만, 사실 난 깔끔한 바지락칼국수파라 이런 기름진 칼국수는 좀 별로다. 그럼에도 워낙 맛을 잘 뽑아내셔서 막상 가면 늘 한 그릇 뚝딱하고 나오게 되는 집.",2025-04-24 14:53:06.782454+09:00,2025.0,4.0,"['사람', '사실', '바지락', '칼국수', '파라', '칼국수', '별로', '워낙', '막상', '가면', '그릇', '뚝딱']"
5,6달 전,"대한민국에서 가장 인기있는 식당 중
하나인 명동교자에 혼밥하러 방문했어요",2025-01-24 14:53:06.782454+09:00,2025.0,1.0,"['대한민국', '가장', '인기', '식당', '하나', '명동', '교자', '혼밥', '방문']"
5,5달 전,"명동을 대표하는 칼국수, 만두 전문점입니다. 대기자가 엄청 많지만 기다려서 먹을 만큼 충분한 맛을 즐길 수 있습니다. 옛날보다 맛이 휴전해졌다는 의견이 많습니다. 강력 추천합니다.",2025-02-24 14:53:06.782454+09:00,2025.0,2.0,"['명동', '대표', '칼국수', '만두', '전문점', '기자', '만큼', '옛날', '휴전', '의견', '강력', '추천']"
5,7달 전,"사람이 많은데 오더를 기가막히게 잘해서 주말인데 얼마 안기다리고 먹었어요.
바쁘게  움직이지만  친절하셔서 좋았고
내부는 협소 했지만  크게 불편하진 않았어요.",2024-12-24 14:53:06.782454+09:00,2024.0,12.0,"['사람', '주말', '얼마', '움직', '내부', '협소', '크게']"
5,7달 전,"이것이 바로 코리안 패스트푸드다
자리에 앉아서 주문을 하면 정말 1분도 걸리지 않고 나온다. 어자피 손님이 멈추지 않고 들어오기 때문에
계속해서 멈추지 않고 만들고 있는것 같다.",2024-12-24 14:53:06.782454+09:00,2024.0,12.0,"['바로', '코리안', '패스트푸드', '자리', '주문', '정말', '어자피', '손님', '때문', '계속']"
4,5달 전,"2023.03 방문
전통적이고 오래된 역사가 있는 칼국수집!
국물이 시원한 맛이고, 김치도 맛있었다.",2025-02-24 14:53:06.782454+09:00,2025.0,2.0,"['방문', '전통', '역사', '칼국수', '국물', '김치']"
4,2달 전,"웨이팅은 엄청나고 복잡함.
건물 진입해서도 내부 줄서기 있음.
1인.2인.4인. 단체 줄이 구분되있으나 승강기타고",2025-05-24 14:53:06.782454+09:00,2025.0,5.0,"['웨이팅', '건물', '진입', '내부', '서기', '단체', '구분', '승강기', '타고']"
2,5달 전,"아우... 외국인 경험 용으로 OK.
내국인이 굳이 가야 할 이유는 없는 듯...
사람 많고, 정신 하나도 없고, 아주 특별한 맛도 아님.",2025-02-24 14:53:06.782454+09:00,2025.0,2.0,"['아우', '외국인', '경험', '굳이', '가야', '이유', '사람', '정신', '하나', '아주']"
4,5달 전,"주기적으로 먹으러 가는 명동교자입니다.
국수의 국물맛은 맵지않은 짬뽕같은 느낌입니다.
면도 개인적으로 적당한 두께이며 맛있습니다.",2025-02-24 14:53:06.782454+09:00,2025.0,2.0,"['기적', '명동', '교자', '국수', '국물', '짬뽕', '느낌', '면도', '개인', '두께']"
5,7달 전,"1년동안 먹어본 칼국수중에서 가장 맛있는 칼국수였습니다. 국물이 진짜 남달랐는데 약간 불향이 나는듯한 육수에 고기고명과 야채, 거기에 얇은피의 만두까지 들어가서 좋았어요!
김치도 아삭하고 시원하고 양념에 마늘이 많이 들어갔는지 매콤달큰한게 최고였어요.",2024-12-24 14:53:06.782454+09:00,2024.0,12.0,"['칼국수', '가장', '칼국수', '국물', '진짜', '약간', '불향', '육수', '고명', '야채', '거기', '은피', '만두', '김치', '양념', '마늘', '매콤', '최고']"
1,수정일: 4달 전,"고기고명 조금 올라간다고 명품 칼국수가 아니다. 양파를 오래 볶아서 갈비양념맛을 구현한 칼국수였는데 국물이 진한것도 잘 모르겠고 면발의 특색도 찾지 못했다. 그래도 못 먹을정돈 아니였는데, 내스타일도 아니였다지만 별 1개인건 너무하다고 생각할 수 있다.",2025-03-24 14:53:06.782454+09:00,2025.0,3.0,"['고기', '고명', '조금', '명품', '칼국수', '양파', '갈비', '양념', '구현', '칼국수', '국물', '발의', '특색', '정돈', '스타일', '개인', '생각']"
4,수정일: 2달 전,"2020년 방문

칼국수와 만두를 주문해 먹었는데 칼국수 맛이 상당히 특이하다. 닭칼국수 국물인데 양파를 볶은 달달한 불향이 강하게 더해져 이 부분이 특징 같고 만두는 기성품스러워 무난하다.",2025-05-24 14:53:06.782454+09:00,2025.0,5.0,"['방문', '칼국수', '만두', '주문', '칼국수', '닭칼국수', '국물', '양파', '달달', '불향', '부분', '특징', '만두', '기성품', '무난']"
5,9달 전,"since1966.

5년만에 재방문.",2024-10-24 14:53:06.782454+09:00,2024.0,10.0,['방문']
5,8달 전,"명동교자는 추억이 있는 곳 이다.
혼밥이 가능하기에 더욱더 부담없이 방문할 수 있는 명동교자다.",2024-11-24 14:53:06.782454+09:00,2024.0,11.0,"['명동', '교자', '추억', '혼밥', '더욱더', '부담', '방문', '명동', '교자']"
5,1달 전,"부들부들한 국수면
진한 육수, 국산 마늘의 진한 풍미가 가득한 김치.
광고가 필요없는 곳 입니다.",2025-06-24 14:53:06.782454+09:00,2025.0,6.0,"['국수', '육수', '국산', '마늘', '미가', '김치', '광고']"
4,수정일: 1주 전,언제가도 맛있네요. 주문하면서 바로 계산합니다. 회전율이 엄청 빠르네요. 콩국수 추천 합니다.,,,,"['가도', '주문', '바로', '계산', '회전', '콩국수', '추천']"
5,2달 전,"줄이길지만 먹어볼만함
회전율이 좋고 음식배달속도가 진정 대한민국
오랜만에 먹으니 더 맛있음",2025-05-24 14:53:06.782454+09:00,2025.0,5.0,"['회전', '음식', '배달', '속도', '진정', '대한민국']"
4,1주 전,오랫동안 다닌 가성비 맛집. 다년간 미슐랭 빕구루망으로 해외여행객에게도 소문난 곳으로 이제는 서울 여행에 방문해야 할곳 중 하나가 된 것 같다. 예전같지는 않지만 진한 육수맛과 마늘이 많이 들어간 김치가 매력적인 곳,,,,"['가성', '맛집', '다년', '미슐랭', '구루', '해외', '여행객', '이제', '서울', '여행', '방문', '하나', '예전', '마늘', '김치', '매력']"
5,6달 전,"학생때 명동가면 명동교자 한번씩은 꼭 다녀온듯
아주 오랜만에 방문
시간이 지나도 맛은 변하지 않았음",2025-01-24 14:53:06.782454+09:00,2025.0,1.0,"['학생', '명동', '가면', '명동', '교자', '한번', '아주', '방문', '시간']"
5,7달 전,"명동에 방문 할때마다   거의매번 방문 하는 칼국수맛집인데  위생 논란이  있었더라구요
맛은 그렇듯이   좋아요  밥추가  면추가 해서 맛있게  먹고  왔어요",2024-12-24 14:53:06.782454+09:00,2024.0,12.0,"['명동', '방문', '거의', '매번', '방문', '칼국수', '맛집', '위생', '논란', '추가', '추가']"
4,3달 전,"육수가 고기육수인지 특이했어요. 먹다보면 좀 물리는데 김치 매운맛이 그걸 잡아줘서 좋아요
만두는 속이 꽉차서 한번 드셔보시길 추천드려요",2025-04-24 14:53:06.782454+09:00,2025.0,4.0,"['육수', '육수', '김치', '만두', '한번', '추천']"
5,11달 전,"올해 방문한 식당들 중 제일 불친절하다. 옆 손님들에게 그 자리에 앉지 말라고 소리를 지르던데, 내가 당했다면 불쾌해서 바로 나갔을 것 같다.

손님은 아주 많은데, 그만큼 매장도 넓다. 평일 오후 1시 조금 넘어서 갔고, 자리가 약간 남아 있어서 곧바로 착석했다.",2024-08-24 14:53:06.782454+09:00,2024.0,8.0,"['올해', '방문', '식당', '제일', '손님', '자리', '소리', '바로', '손님', '아주', '매장', '평일', '오후', '조금', '자리', '약간', '남아', '곧바로', '착석']"
4,4달 전,"칼국수가 엄청 맛있는 것은 아닌데, 여기 아니면 또 이런 맛은 없는 유니크한 맛이라 가끔 생각난다. 마늘이 잔뜩 들어간 김치도 마찬가지.",2025-03-24 14:53:06.782454+09:00,2025.0,3.0,"['칼국수', '여기', '유니크', '가끔', '마늘', '잔뜩', '김치', '마찬가지']"
4,3주 전,"김치가 과거랑 퀄러티도 맛도 달라요!
찐만두,, 비빔국수 맛있습니다!!!!",,,,"['김치', '과거', '퀄러티', '달라', '만두', '비빔국수']"
5,수정일: 2주 전,가격대비 최고의 맛이었습니다. 국물이 특히 맛있었네요. 마늘김치도 맛있습니다,,,,"['가격', '대비', '최고', '국물', '마늘', '김치']"
5,8달 전,"이전보다는 살짝 간이 심심해짐... 물론 양념장이 따로 있땐 간조절도 가능 했는데...
사리와 공기밥은 이젠 1회만 추가기능... 물론 내가 먹는 량이 예전만 못해 면사리 1회 추가만 하지만... 솔직히 무료서비스 제한은 아쉬움... 음식물 쓰레기 줄이려 한다지만...
그래도 아직 까지는, 날 추워지면 한번씩 가서 먹을만은 함...",2024-11-24 14:53:06.782454+09:00,2024.0,11.0,"['이전', '살짝', '간이', '양념장', '간조', '절도', '가능', '사리', '공기밥', '추가', '기능', '예전', '사리', '추가', '무료', '서비스', '제한', '아쉬움', '음식물', '쓰레기', '다지', '한번']"
3,2달 전,"맛있으나 옛날 맛 분위기는 아니다. 불친절이라기보다는 친절하지 않다 무친절?
중국사람이 많다 그래서인지 올라간 고명이 중국풍인 느낌도",2025-05-24 14:53:06.782454+09:00,2025.0,5.0,"['옛날', '분위기', '불친절', '친절', '중국사람', '래서', '고명', '중국', '느낌']"
5,1년 전,"추천 맛집

우리나라 대표 칼국수 집 입니다..",2024-07-24 14:53:06.782454+09:00,2024.0,7.0,"['추천', '맛집', '우리나라', '대표', '칼국수']"
5,11달 전,"명동성당 미사 보러가기 전에 가볍게 식사하기 위해서 방문.

더운 여름에는 고소한 콩국수와 매콤한 비빔면도 맛나고, 육즙이 진한 교자만두와 진한 국물의 칼국수도 상당히 맛나다.",2024-08-24 14:53:06.782454+09:00,2024.0,8.0,"['명동성당', '미사', '식사', '위해', '방문', '여름', '콩국수', '매콤', '비빔면', '육즙', '교자', '만두', '국물', '칼국수']"
4,9달 전,"엘에이 거주중인데.. 엘에이도 명동교자 가 있어요. 한국 본점은6년만에 다시 와봤어요.
확실히 김치 부터 엘에이와 많이 다르네요.
특히 칼국수 고명위 만두 엘에이는 기성품사용해서 뻑뻑한데, 역시 본점은 부들부들..",2024-10-24 14:53:06.782454+09:00,2024.0,10.0,"['엘에이', '거주', '엘에이', '명동', '교자', '한국', '본점', '다시', '김치', '부터', '엘에이', '칼국수', '고명', '만두', '엘에이', '기성품', '용해', '뻑뻑', '역시', '본점', '부들부들']"
4,8달 전,"명동교자는 전통적인 한국 음식점 분위기를 자랑합니다. 실내는 깔끔하고 바쁜 시간대에는 활기차며, 손님들로 가득 차 있는 경우가 많습니다. 빠른 회전율을 자랑하여 대기 시간이 길지 않은 편입니다.",2024-11-24 14:53:06.782454+09:00,2024.0,11.0,"['명동', '교자', '전통', '한국', '음식점', '분위기', '자랑', '실내', '시간대', '손님', '가득', '경우', '회전', '자랑', '대기', '시간', '편입']"
4,1년 전,"명동맛집이라고 아직도 유명한 명동교자
배고픈데 마땅히 갈만한곳중 젤 만만한곳",2024-07-24 14:53:06.782454+09:00,2024.0,7.0,"['명동', '맛집', '명동', '교자']"
5,1달 전,"신관에 어마어마한 웨이팅에 포기하려던 찰나 본관은 웨이팅이 짧아 식사했어요
불맛나는 고명과 고기육수에 진한 국물 부드러운 칼국수면발 맛있었어요
마늘맛 가득한 매콤한 김치도 맛있었지만 마늘냄새가 오래 갑니다
맛있는 한끼 잘먹었습니다. 특히 서빙해주시는 2층 직원분들 친절하셨어요",2025-06-24 14:53:06.782454+09:00,2025.0,6.0,"['신관', '웨이팅', '포기', '찰나', '본관', '웨이팅', '식사', '불맛나', '고명', '육수', '국물', '칼국수', '마늘', '매콤', '김치', '마늘', '냄새', '서빙', '직원']"
5,5달 전," From 1966
 명동역 8번 출구에서 도보 5분
 진한 육수와 마늘향 가득한 김치의 조화.. 존맛탱",2025-02-24 14:53:06.782454+09:00,2025.0,2.0,"['명동역', '출구', '도보', '육수', '마늘', '김치', '조화', '존맛']"
3,수정일: 4달 전,"사람은 많지만 자리는 항상 있고, 웨이팅이 있어도 10분 안에 입장이 가능한 곳.
칼국수 맛은 아주 일품이었다
위생은 초큼 그래여",2025-03-24 14:53:06.782454+09:00,2025.0,3.0,"['사람', '항상', '웨이팅', '입장', '칼국수', '아주', '일품', '위생']"
4,8달 전,"칼국수는 정말 맛있습니다
다른 칼국수 다 제끼고 여기가 최고냐 하면 그건 또 아니지만 여기만의 유니크한 맛이 있지요
마늘맛나는 깊고 진한 칼국수에 김치 역시도 마늘 맛이 쎈 달달한 김치구요",2024-11-24 14:53:06.782454+09:00,2024.0,11.0,"['칼국수', '정말', '다른', '칼국수', '여기', '최고', '여기', '유니크', '마늘', '맛나', '칼국수', '김치', '역시', '마늘', '달달']"
4,1년 전,"진!짜! 마늘김치가 있는 찐한 칼국수집

음식 칼국수는 양도 많고 고기가 잔뜩 들어가 국물도 매우 진하다. 1인 1메뉴를 시키며 면 리필도 된다 하니 가성비는 나쁘지 않음.",2024-07-24 14:53:06.782454+09:00,2024.0,7.0,"['마늘', '김치', '칼국수', '음식', '칼국수', '양도', '고기', '잔뜩', '국물', '매우', '메뉴', '리필', '하니', '가성']"
5,1년 전,한달에 한번은 꼭 갑니다!!!! 그만큼 맛있어요. 칼국수 드실때 꼭 양념장 넣어서 드세요!! 양념장 있는거 잘 모르시더라구요. 저희는 왕창 넣어서 먹는데 정말 맛있어요. 그 맛에 빠지면 주마다 갑니다,2024-07-24 14:53:06.782454+09:00,2024.0,7.0,"['한번', '칼국수', '양념장', '양념장', '저희', '왕창', '정말', '주마']"
4,수정일: 10달 전,"명동교자 본점
서울 중구 명동2가 2536
외국인들의 성지순례 같은 곳",2024-09-24 14:53:06.782454+09:00,2024.0,9.0,"['명동', '교자', '본점', '서울', '중구', '명동', '외국인', '성지순례']"
5,수정일: 9달 전,"역시 맛있습니다.
콩국수 국물이 매우 진해서 만족했고. 면도 추가로 제공이 가능합니다. 칼국수는 맛있었는데 제 기준에서는 면이 조금 불은 것 같아 약간 아쉬웠습니다.",2024-10-24 14:53:06.782454+09:00,2024.0,10.0,"['역시', '콩국수', '국물', '매우', '면도', '추가', '제공', '칼국수', '기준', '조금', '약간']"
4,4년 전,"맛  

재방문의사  ",2021-07-24 14:53:06.782454+09:00,2021.0,7.0,"['방문', '의사']"
3,9달 전,"칼국수는 옛날 맛이 아니네요. 양이 너무 적어요. 만두도 그냥그냥..
김치는 맛있었지만...
관광객 위주로 너무 정신없고 친절은 기대 안하지만 김치 리필도 어렵네요.
정신이 하나도 없어서 다시는 안갑니다.",2024-10-24 14:53:06.782454+09:00,2024.0,10.0,"['칼국수', '옛날', '만두', '그냥', '김치', '관광객', '위주', '정신', '친절', '기대', '김치', '리필', '정신', '하나']"
4,1년 전,"상    호  명동교자 본점
주    소  서울특별시 중구 명동10길 29
법적분류  일반음식점",2024-07-24 14:53:06.782454+09:00,2024.0,7.0,"['명동', '교자', '본점', '서울특별시', '중구', '명동', '법적', '분류', '일반', '음식점']"
4,1년 전,"24년 5월 5일 저녁 식사

칼국수 국물에서 자꾸 짜장면 맛이 난다..",2024-07-24 14:53:06.782454+09:00,2024.0,7.0,"['저녁', '식사', '칼국수', '국물', '자꾸', '짜장면']"
5,10달 전,"칼국수 국물이 특이해요.
고기진한맛.
매콤헌게 취향이라 비빔을 먹었는데, 비빔도 먹을만합니다.  그래도 칼국수추천
조미료도 좀 쎈 느낌이었는데 맛있었어요.",2024-09-24 14:53:06.782454+09:00,2024.0,9.0,"['칼국수', '국물', '기진', '매콤', '취향', '비빔', '비빔', '칼국수', '추천', '조미료']"
4,2달 전,음식 맛 있습니다 결재는 선불 ..  한번은 먹어볼만한곳  김치 맵지만 맛있고 만두  맛있습니다.,2025-05-24 14:53:06.782454+09:00,2025.0,5.0,"['음식', '결재', '선불', '한번', '김치', '만두']"
5,1년 전,명동에 아무리 핫프레이스가 많이 생겨도 난 명동교자 갈거 같다. 20년 전이나 지금이나 동일한 맛. 두 사람이 칼국수 하나 만두 하나 시켰다. 더 먹을수 있지만 명동엔 리스트를 가져 오기에 이 정도만  정말 또 먹고 싶은 그리운 맛.,2024-07-24 14:53:06.782454+09:00,2024.0,7.0,"['명동', '프레', '이스', '명동', '교자', '전이', '지금', '사람', '칼국수', '하나', '만두', '하나', '명동', '리스트', '오기', '정도', '정말']"
5,2년 전,"회전이 빠릅니다.
언제 먹어도 맛은 좋습니다.
칼국수가 메인이고 비빔국수는 많이 맵습니다.",2023-07-24 14:53:06.782454+09:00,2023.0,7.0,"['회전', '언제', '칼국수', '메인', '비빔국수']"
5,1년 전,서울에서 태어나 자란 나는 어렸을땐 부모님이 왜 이 음식을 좋아하시는지 몰랐습니다.  그랬었던 내가 가끔 명동에 갈때면 이젠.. 수많은 명동의 먹거리들을 뿌리치고 일부러 찾아가서 꼭 먹게되는 그런 곳입니다.  아무리 근처의 칼국수 맛집에 가도 이맛은 나지 않죠.  최고의 칼국수집.,2024-07-24 14:53:06.782454+09:00,2024.0,7.0,"['서울', '부모님', '음식', '가끔', '명동', '명동', '먹거리', '뿌리', '일부러', '근처', '칼국수', '맛집', '가도', '최고', '칼국수']"
4,1년 전,회전율이 어마어마한 미쉐린 가이드에 매년 소개되는 가게. 심지어 가게에 음료도 팔지 않는다! 칼국수는 이미 만들어 둔건지 면이 퍼져있었고 국물도 조금 식은 느낌이었으나 평소 먹던 칼국수와 달리 고기 베이스의 국물이 재밌게 느껴졌다.,2024-07-24 14:53:06.782454+09:00,2024.0,7.0,"['회전', '미쉐린', '가이드', '매년', '소개', '가게', '심지어', '가게', '음료', '팔지', '칼국수', '국물', '조금', '평소', '칼국수', '달리', '고기', '베이스', '국물']"
5,5년 전,"언제나 명동에 들르면 꼭 먹는 칼국수
예전에 비해 양은 조금 줄어들은거 같지만 변함없이 너무 맛있습니다
마늘이 엄청 들어가 맵지만 계속 먹게 되는 김치는 이집만의 트레이드마크죠",2020-07-24 14:53:06.782454+09:00,2020.0,7.0,"['명동', '칼국수', '예전', '양은', '조금', '마늘', '계속', '김치', '이집', '트레이드마크']"
5,4달 전,"묵직한 국물.
그야말로 고기국물.
언양불고기 잘 구워서 적당한 불향을 입혀서 다시 잘게부셔 고명으로",2025-03-24 14:53:06.782454+09:00,2025.0,3.0,"['국물', '고기', '국물', '불고기', '불향', '다시', '고명']"
4,4년 전,"우선 유명한만큼 사람도 많습니다.. 3층까지 있는듯 합니다..
코로나 QR체크인 하고, 테이블마다 아크릴로 칸막이 되어있습니다..",2021-07-24 14:53:06.782454+09:00,2021.0,7.0,"['우선', '사람', '코로나', '체크', '테이블', '아크릴', '칸막이']"
5,2달 전,"항상 사람이 많지만 웨이팅이 금방 줄어들고 체계가 잘 잡혀있는것 같습니다.
메뉴마다 다른 가게에서 맛보기 힘든 감칠맛이 있고 알싸한 마늘김치가 어디에든 잘 어울립니다.
가격은 다른 가게보다는 조금 비싼 편이지만 1인 1메뉴 주문시 면과 공기밥이 무료로 제공됩니다.",2025-05-24 14:53:06.782454+09:00,2025.0,5.0,"['항상', '사람', '웨이팅', '금방', '체계', '메뉴', '다른', '가게', '맛보기', '감칠맛', '마늘', '김치', '어디', '가격', '다른', '가게', '조금', '편이', '메뉴', '주문', '공기밥', '무료', '제공']"
5,3년 전,"오랜 저에 단골집 입니다. 김치가 신의한수이며
칼국수와 정말 찰떡궁합이죠
비빔국수는 처음 접하시면 그냥 그러네..라고",2022-07-24 14:53:06.782454+09:00,2022.0,7.0,"['단골', '김치', '신의한수', '칼국수', '정말', '찰떡', '궁합', '비빔국수', '처음', '그냥']"
2,9달 전,"관광객들이 너무 많아 진짜 정신이 없어요
칼국수도 옛날맛이 아니고 양도 적어요. 만두도 그냥...
김치는 맛있는데 리필하기 어려울정도로 사람이 많아요 .
그 가격에 맛도 그냥. . 옛날맛도 안나고 다시는 안갑니다.",2024-10-24 14:53:06.782454+09:00,2024.0,10.0,"['관광객', '진짜', '정신', '칼국수', '옛날', '양도', '만두', '그냥', '김치', '정도', '사람', '가격', '그냥', '옛날', '안나']"
3,3년 전,"뭔가 내가 생각한 일반 칼국수 국물이 아니라
볶은 야채 때문일까 고추가루 없는 짬뽕을 먹는 듯한 맛과 불향 그리고 후루룩 넘어가는 완당
이집은 칼국수보다는 김치가 더 유명하듯이",2022-07-24 14:53:06.782454+09:00,2022.0,7.0,"['뭔가', '생각', '일반', '칼국수', '국물', '야채', '때문', '고추', '가루', '짬뽕', '불향', '후루룩', '완당', '이집', '칼국수', '김치']"
3,3달 전,맛 좋고 분위기도 바글바글하고 좋은데... 외국인한테 좀 친절 했으면 좋겠어요. 외국인들은 맛집이라고해서 유명세 하나 믿고 찾아오는데... 생소하고 낯선 음식에 대해 궁금하기도하고 문의 사항도 있을법한데.. 너무 바쁘셔서 그렇겠지만 응대도 안해주고 만두 간장 종지하니 갖다주는데 10분씩 걸리는건 아니라고 봐요.,2025-04-24 14:53:06.782454+09:00,2025.0,4.0,"['분위기', '외국인', '친절', '외국인', '맛집', '유명', '하나', '낯선', '음식', '대해', '기도', '문의', '사항', '응대', '만두', '간장', '종지']"
4,2년 전,"저녁먹으러 다녀왔었어요.
국물이 진하고 면도 탱글했어요. 만두도 함께 먹기 참 좋은 곳이였어요
사람들이 줄을 서서 먹는곳엔 이유가 다 있겠죠?
면 요리를 좋아하신다면 추천드려요",2023-07-24 14:53:06.782454+09:00,2023.0,7.0,"['저녁', '국물', '면도', '만두', '먹기', '사람', '서서', '이유', '요리', '추천']"
4,1년 전,"맛있다고 소문난 집이라 명동 간 김에 들렀다. 평일 오후라 웨이팅은 없었다. 칼국수 콩국수 만두 시켰는데.. 개인적인 취향일 수도 있겠지만, 남들 다 가봤다는데 한번 가본 걸로만 만족함. 음식 자체는 그냥 평범하고... 상호에 교자가 들어갔음에도 불구하고 사실상 만두는 그닥... 콩국수도 더 맛있는 집 수두룩하고... 칼국수도..... 음.. 음..",2024-07-24 14:53:06.782454+09:00,2024.0,7.0,"['명동', '평일', '오후', '웨이팅', '칼국수', '콩국수', '만두', '개인', '취향', '수도', '한번', '로만', '음식', '자체', '그냥', '상호', '교자', '불구', '사실', '만두', '그닥', '콩국수', '수두', '칼국수']"
1,2달 전,"사람이 많아 면을 미리 삶아 놓은 건 이해되지만
불은 면을 내놓는건 아닌건 같다.
음식 다먹고 좀 쉬고 있는데 다 먹었냐고 물어보며 접시 치우는 건 손님에 대한 예의가 아닌 것 같다.
칼국수 먹었는데 국물 느끼했지만 김치 하나 만큼은 매콤하니 맛있었다.",2025-05-24 14:53:06.782454+09:00,2025.0,5.0,"['사람', '미리', '이해', '음식', '접시', '손님', '대한', '예의', '칼국수', '국물', '김치', '하나', '매콤']"
2,4주 전,옛 추억으로 가족들과 다시 찾아 갔습니다. 점심시간 전인데도 줄이 바깥으로 길게 서있었고 외국인들도 정말 많더군요 음식 맛은 예전과 비슷했지만 밖에서 안내하는 직원분들이 정말 불친절하고 손님을 대하는 태도가 너무 불쾌했습니다. 너네들 아니어도 손님 많다 이런 느낌이었네요 이제 추억으로 묻어 놓고 다시는 안가는게 나을거 같습니다.,,,,"['추억', '가족', '다시', '점심시간', '전인', '바깥', '외국인', '정말', '음식', '예전', '안내', '직원', '정말', '손님', '대하', '태도', '손님', '이제', '추억']"
5,2년 전,"대기줄이 어마어마 하지만 회전율이 좋아서 금세 빠져요
너무 맛있습니다. 이곳과 집이.멀지만 이맛이 생각나 자주 옵니다.
밥 꼭 달라고 하세요달라고 해야 줍니다.비빔국수 다먹고",2023-07-24 14:53:06.782454+09:00,2023.0,7.0,"['회전', '금세', '자주', '달라', '달라', '비빔국수']"
5,2년 전,"유명한만큼 맛있어요.
일요일 저녁에 방문했는데 대기는 없었구요. 빈자리도 거의 없었어요.
칼국수 면발이 독특해요. 납작하면서 부드러워요.",2023-07-24 14:53:06.782454+09:00,2023.0,7.0,"['일요일', '저녁', '방문', '대기', '빈자리', '거의', '칼국수', '면발']"
5,2년 전,"주말이라서인지 사람이 엄청 많고 대기줄을 서서 기다렸어요. 그러나 회전율이 빨라서 5분내 앉아서 식사가능했구요.
맛집이라고 소문이 난곳이지만 큰 기대없이 갔어요.
왜줄서서 먹는지 이해가 가요.",2023-07-24 14:53:06.782454+09:00,2023.0,7.0,"['주말', '인지', '사람', '서서', '회전', '식사', '맛집', '소문', '난곳', '기대', '왜줄', '서서', '이해', '가요']"
5,1년 전,"속이 훤히 보일정도로 얇은 만두피와 꽉찬 만두속!!
너무 맛있어요
칼국수는 양은 많지 않아 성인 남성이 먹기엔 아쉬운?",2024-07-24 14:53:06.782454+09:00,2024.0,7.0,"['훤히', '정도', '두피', '만두', '칼국수', '양은', '성인', '남성', '먹기']"
5,1년 전,"수식어가 필요없는 미슐랭 맛집 이지요 혹시 맛의 변화가 없는지 궁금하기도 하고 오랜만에 방문해 보았어요.

칼국수는 불향나는 고기 고명과 볶음 마늘 향이 더해진 진한 국물이 여전히 훌륭합니다. 요즘 같은 고물가에도 11,000 원의 가격이면,",2024-07-24 14:53:06.782454+09:00,2024.0,7.0,"['수식어', '미슐랭', '맛집', '이지', '혹시', '변화', '방문', '칼국수', '불향', '고기', '고명', '볶음', '마늘', '국물', '요즘', '물가', '가격', '이면']"
5,2년 전,명동 자체에 사람이 더 많아진 것도 있는데 명동교자 밖에까지 줄 서서 먹는 건 처음이었어요. 그래도 회전율이 좋아서 생각보다 빠르게 들어갈 수 있었어요.,2023-07-24 14:53:06.782454+09:00,2023.0,7.0,"['명동', '자체', '사람', '명동', '교자', '서서', '처음', '회전', '생각']"
4,1달 전,"명동에서 유명한 칼국수, 만두 집입니다.
회전율도 빠르고 음식도 주문하자마자 나옵니다.
MSG의 맛이 강하지만 서울에 놀러오셨으면 한 번쯤 먹어볼만합니다.",2025-06-24 14:53:06.782454+09:00,2025.0,6.0,"['명동', '칼국수', '만두', '회전', '율도', '음식', '주문', '자마자', '강하', '서울']"
1,1년 전,"정말 오래간만에 방문한 명동교자
잘 먹다 만두에서 무언가 크게 질긴게 있어
일부는 먹고 이상해서 보았는데 이물질이 있네요",2024-07-24 14:53:06.782454+09:00,2024.0,7.0,"['정말', '방문', '명동', '교자', '만두', '무언가', '크게', '일부', '물질']"
4,2년 전,"항상 명동가면 명동교자 본점으로 칼국수보다 마늘의  알싸한 매운맛 그득한 겉절이 먹으러 간다. 김치는 계속  리필해주심. 매운 김치에 콧물 흘리면서도  김치를  두 세접시 먹게됨  여기 만두는 피가 얇고 , 고기가  꽉차있어서 무지 든든. 개인적으로 간이 조금  짜다고 느낌.",2023-07-24 14:53:06.782454+09:00,2023.0,7.0,"['항상', '명동', '가면', '명동', '교자', '본점', '칼국수', '마늘', '겉절이', '간다', '김치', '계속', '주심', '김치', '콧물', '김치', '접시', '여기', '만두', '고기', '무지', '개인', '간이', '조금', '느낌']"
5,8달 전,추운 겨울에는 이만한 곳이 없어요 뭐 빠지는거 없이 메뉴는 전부 맛있습니다 다만 미쉐린 식당이라 웨이팅은 항상 있습니다,2024-11-24 14:53:06.782454+09:00,2024.0,11.0,"['겨울', '이만', '메뉴', '전부', '다만', '미쉐린', '식당', '웨이팅', '항상']"
4,4달 전,"너무 사람이 많아 정신 없지만 변함 없는 맛
맛 있어요",2025-03-24 14:53:06.782454+09:00,2025.0,3.0,"['사람', '정신']"
5,11달 전,"맛잇고 빠르고 깔끔하고 김치가 맛있습니다

미쉐린 받으려면 이정도 해맛잇고 빠르고 깔끔하고 김치가 맛있습니다",2024-08-24 14:53:06.782454+09:00,2024.0,8.0,"['김치', '미쉐린', '이정', '해맛', '김치']"
2,1년 전,"1인 1칼국수. 먹는 양이 작은 나는 만두만 먹고 싶었으나 칼국수를 주문하지 않으면 안된다. 결국 만두를 포기할 수밖에 없었다.
직원들 불친절. 유명한 가게인만큼 미소띤 얼굴은 기대하지마라.
김치는 맵다. 공기밥은 무료 제공이나 절대 가져다주지 않는다. 모든 테이블이 밥을 요청했다가  기다리다 지쳐서 포기하고 간다.",2024-07-24 14:53:06.782454+09:00,2024.0,7.0,"['칼국수', '만두', '칼국수', '주문', '만두', '포기', '직원', '불친절', '가게', '미소', '얼굴', '김치', '공기밥', '무료', '제공', '절대', '모든', '테이블', '요청', '포기', '간다']"
5,1년 전,"운좋게 콩국수 개시하는 날 방문을 하게 됐는데 칼국수 시킨 일행들을 다 후회하게 만드는 맛이었습니다
콩국물이 단백하고 고소하고
개인적으로는 여의도 진주집보다 맛있었어요",2024-07-24 14:53:06.782454+09:00,2024.0,7.0,"['콩국수', '개시', '방문', '칼국수', '일행', '후회', '콩국', '물이', '단백', '개인', '여의도', '진주']"
5,4년 전,개인적으로 칼국수보다 비빔국수가 더 맛있습니다. 김치가 고춧가루 범벅이지만 맛은 좋아요. 혼밥을 하는 사람들이 많아서 눈치보지 않고 혼밥을 할 수 있는 점도 좋습니다. 명동에서 뭐 먹을지 고민되면 방문하는 곳으로 미쉐린 가이드 빕구르망에도 선정됐다고 하더군요.,2021-07-24 14:53:06.782454+09:00,2021.0,7.0,"['개인', '칼국수', '비빔국수', '김치', '고춧가루', '범벅', '혼밥', '사람', '눈치', '보지', '혼밥', '점도', '명동', '고민', '방문', '미쉐린', '가이드', '르망', '선정']"
4,3년 전,"역시 명동에서 제일 인기있는 음식은 바로바로 명동교자 인것 같아요 !!

크리스마스 이브에 방문했었는데 사람들이 엄청나게 줄서서 먹더라구요 !!",2022-07-24 14:53:06.782454+09:00,2022.0,7.0,"['역시', '명동', '제일', '인기', '음식', '명동', '교자', '크리스마스', '이브', '방문', '사람', '서서']"
5,1년 전,"명불허전 역시는 역시인집
22.12.05일 1300
분점 웨이팅이 조금 더 길었어요",2024-07-24 14:53:06.782454+09:00,2024.0,7.0,"['명불허전', '역시', '역시', '분점', '웨이팅', '조금']"
5,4달 전,"한국 음식을 대표하는 음식 중 하나.

2017년 미슐랭 되기 전에도 굉장히 유명한 집이였다. 그때와 맛이 비슷하고 굉장히 맛있는 고기 칼국수.",2025-03-24 14:53:06.782454+09:00,2025.0,3.0,"['한국', '음식', '대표', '음식', '하나', '미슐랭', '그때', '고기', '칼국수']"
4,8달 전,"20년 다녔는데
여전히맛있죠
교자 육즙이 많이 줄었고",2024-11-24 14:53:06.782454+09:00,2024.0,11.0,"['교자', '육즙']"
5,1년 전,"명동에서 유명한 칼국수집이라 명동 놀러간길에 찾아가봤는데 한번쯤은 먹어볼만한 곳이더라구요
우리가 흔히 아는 칼국수와는 좀 다른 느낌이지만
고기국물의 구수함이 느껴지고 만두는 촉촉함이 느껴지네요",2024-07-24 14:53:06.782454+09:00,2024.0,7.0,"['명동', '칼국수', '명동', '간길', '한번', '우리', '칼국수', '다른', '느낌', '국물', '만두']"
5,2년 전,"오랜만에 찾아온 명동.
명동하면 명동교자 를 떠올리게 마련인데...
그 맛은 굉장했습니다",2023-07-24 14:53:06.782454+09:00,2023.0,7.0,"['명동', '명동', '명동', '교자', '마련']"
1,9달 전,"장사 제대로 합시다.
대한민국 대표 칼국수 맞습니까?
외국인들에게 쪽팔릴까 두렵다.",2024-10-24 14:53:06.782454+09:00,2024.0,10.0,"['장사', '제대로', '대한민국', '대표', '칼국수', '외국인']"
5,3주 전,"너무 좋아하는 곳
명동 갈때 들리는 곳
국물이 맛있어요 면도 부들부들",,,,"['명동', '국물', '면도', '부들부들']"
5,1년 전,"오래 살아남는 집은 다 이유가 있기 마련임
칼국수도 꽤 맛있고 닭 베이스의 묵직하고 약간 걸쭉한 육수가 매력이 있음
칼국수도 꽤 맛있는데 이 칼국수가 뒤로 밀리게하는게 명동교자의 김치임",2024-07-24 14:53:06.782454+09:00,2024.0,7.0,"['이유', '마련', '칼국수', '베이스', '약간', '육수', '매력', '칼국수', '칼국수', '밀리', '명동', '교자', '김치']"
5,2년 전,"미쉐린가이드 서을 2023에 선정된 명동교자 본점에 다녀왔습니다. 유명한 맛집이라 웨이팅을 좀 했고, 대표메뉴인 만두와 칼국수를 먹었는데 정말 정신없이 먹고 나왔는데...먹는 동안 육즙의 향연이었던 기억으로 행복했습니다",2023-07-24 14:53:06.782454+09:00,2023.0,7.0,"['미쉐린', '가이드', '선정', '명동', '교자', '본점', '맛집', '웨이팅', '대표', '메뉴인', '만두', '칼국수', '정말', '동안', '육즙', '향연', '기억']"
5,수정일: 2달 전,"서울 송파, 강동지역 대중 음식점을 탐구합니다.
40대 남성, 초등학생 자녀가 있습니다.
순대국, 평냉은 전국구로 먹어보고 있습니다",2025-05-24 14:53:06.782454+09:00,2025.0,5.0,"['서울', '송파', '강동', '지역', '대중', '음식점', '탐구', '남성', '초등학생', '자녀', '대국', '평냉', '전국구', '보고']"
5,4달 전,"줄 서서 먹는 이유를 알겠네요.
고기가 들어 있어 불향 나는 칼국수를 먹을 수 있어요
비빔보단 킬국수가 맛있고 만두도 맛있어요",2025-03-24 14:53:06.782454+09:00,2025.0,3.0,"['서서', '이유', '고기', '불향', '칼국수', '비빔', '킬국수', '만두']"
4,4년 전,워낙 유명한 곳이라 방문이 꺼려졌는데 맛있었습니다. 칼국수 그릇이 엄청 기름진 것만 빼면 괜찮았어요. 면발이 아주 부드러워서 먹기가 좋았습니다.,2021-07-24 14:53:06.782454+09:00,2021.0,7.0,"['워낙', '방문', '칼국수', '그릇', '면발', '아주', '먹기']"
3,수정일: 2년 전,"미슐랭으로 입소문이 자자한 명동교자집.
건물자체를 통으로 사용하고 있으며 2층부터
손님을 받아서 채워나가는 형식으로 운영된다.",2023-07-24 14:53:06.782454+09:00,2023.0,7.0,"['미슐랭', '소문', '명동', '교자', '건물', '자체', '사용', '손님', '형식', '운영']"
5,6달 전,"기다려서 먹을만큼 맛있다.
만두에서 어떻게 이런 맛이!
김치도 일품.",2025-01-24 14:53:06.782454+09:00,2025.0,1.0,"['만두', '김치', '일품']"
3,2년 전,"명동하면 이곳이라 하여 추운 겨울이였고하니 들려보았다.

칼국수는 일반적으로 알고있는 해물과 야채가 올려져있는 모습이",2023-07-24 14:53:06.782454+09:00,2023.0,7.0,"['명동', '겨울', '칼국수', '일반', '해물', '야채', '모습']"
5,5달 전,맛있어요. 주말이라 사람이 많았는데 기다릴만했습니다.,2025-02-24 14:53:06.782454+09:00,2025.0,2.0,"['주말', '사람']"
4,5년 전,"묵직한 국물의 고기육수 칼국수

일반적인 칼국수는 바지락을",2020-07-24 14:53:06.782454+09:00,2020.0,7.0,"['국물', '고기', '육수', '칼국수', '일반', '칼국수', '바지락']"
5,2년 전,"여기는 명동 음식점의 시작이자 마무리라고 감히 얘기할 수 있다. 매끼 식사를 하면서, 특정한 맛을 기억하는 하는 것은 쉽지 않다고 생각한다. 물론 단맛, 짠맛, 매운맛 이러한 구분이 아닌, 특정 식당에서만 느낄 수 있는 특별한 맛을 이야기 하는거다.",2023-07-24 14:53:06.782454+09:00,2023.0,7.0,"['명동', '음식점', '시작', '이자', '마무리', '감히', '얘기', '식사', '기억', '생각', '단맛', '짠맛', '구분', '특정', '식당', '이야기']"
5,4년 전,"요즘 피서도 못가고 해서 서울에서 맛있는 음식 먹으려고 찾아보고 갔어요 우선 차를 가지고 갔는데 근처에 차댈대가 없어서 성당?에 댔는데 30분에 3,000원 추가 10분당 1,000원 이더라구요.
10시 30분 문열때 갔는데 그때까지는 사람이 없던데 11시쯤 되니까 그래도 제법 사람이 많아서 좀 놀랐습니다.",2021-07-24 14:53:06.782454+09:00,2021.0,7.0,"['요즘', '서울', '음식', '우선', '가지', '근처', '대가', '성당', '추가', '그때', '사람', '제법', '사람']"
3,3년 전,"만두 육즙 좋음. 비빔국수는 마늘 맛이 쎄다. 로봇이 움직이며 서빙하는 시스템도입
올 때마다 느끼는 것이지만 사람이 많다 이 정도 기다려서 먹을 수 있는 굉장한 음식이 아니다 그럼에도 불구하고 유명하기 때문에 오는 것 같다
이 집에서 제일 맛있는 것은 만두다.",2022-07-24 14:53:06.782454+09:00,2022.0,7.0,"['만두', '육즙', '비빔국수', '마늘', '로봇', '움직', '서빙', '시스템', '도입', '사람', '정도', '음식', '불구', '때문', '제일', '만두']"
4,1년 전,역시 주말에는 사람이 많네요 음식나오는 속도도 정말빠른데 자리에 앉으니 바로 음식이 나옵니다  맛은 여전하네요 면은 부드럽고  먹은후에 공기밥달라고 해서 말아먹었습니다,2024-07-24 14:53:06.782454+09:00,2024.0,7.0,"['역시', '주말', '사람', '음식', '속도', '정말', '자리', '바로', '음식', '공기밥', '달라']"
5,2년 전,"이 집은 어렸을때부터 먹던 맛이라 익숙하고 친숙한 맛이기도 하고..어린시절 부모님과 다녔던 추억과 젊은시절의 옛향수도 느끼게 되는 칼국수집이다 보니.. 가끔씩은 이 집을 찾게 되는거 같습니다.. 
명동에서 자주 다녔던 신정이나 장수갈비,영양센타등은 아예 없어지거나 자리를 옮겨 간신히 명맥을 유지하는 정돈데 그래도 이 집은 여전히 한결같은",2023-07-24 14:53:06.782454+09:00,2023.0,7.0,"['어린시절', '부모님', '추억', '시절', '향수', '칼국수', '가끔', '명동', '자주', '신정', '장수', '갈비', '영양', '아예', '자리', '명맥', '유지', '정돈']"
5,3년 전,1년에 한 번은 꼭 와서 먹어줘야 한 해를 버텨요...진짜 개존맛탱...이거 아니면 명동 올 이유가 없을 정도...매운 맛을 뭐랄까 조미료 범벅으로 내는 게 아니라 생강과 마늘을 적절히 조합해서 만든 진짜 아름다운 맛...근데 명동 상권이 아예 죽어버린 게 너무 가슴 아파요  혜화는 붐비는데...,2022-07-24 14:53:06.782454+09:00,2022.0,7.0,"['번은', '진짜', '개존맛', '명동', '이유', '정도', '조미료', '범벅', '생강', '마늘', '조합', '진짜', '명동', '상권', '아예', '가슴', '혜화']"
5,2년 전,"소문난 맛집.
역시 명동교자.
육즙이 가득한 만두.",2023-07-24 14:53:06.782454+09:00,2023.0,7.0,"['맛집', '역시', '명동', '교자', '육즙', '만두']"
4,1년 전,"콩국수 맛집.
개인적으로 원래 칼국수를 안좋아해서 잘 안가지만 콩국수 개시하면 무조건 갑니다. 콩국수나 콩물을 정말 좋아하는데 명동교자 콩국수를 제일 좋아합니다.",2024-07-24 14:53:06.782454+09:00,2024.0,7.0,"['콩국수', '맛집', '개인', '원래', '칼국수', '콩국수', '개시', '무조건', '콩국수', '콩물', '정말', '명동', '교자', '콩국수', '제일']"
5,3년 전,"서울 명동거리는 예전보다 싸늘하지만, 유명맛집들은 아직도 북적이네요.

알싸한 김치가 매력인 명동교자에서 칼국수와 만두를 먹었어요.",2022-07-24 14:53:06.782454+09:00,2022.0,7.0,"['서울', '명동', '거리', '예전', '유명', '맛집', '북적', '김치', '매력', '명동', '교자', '칼국수', '만두']"
1,3달 전,"맛은 있습니다. 외국인이 많은 위치 입니다
여기는 밥 or 면사리 리필이 1회 무료로 알고 있습니다 외국인이 알아볼수 있도록 번역본 제공이 없습니다. 이런 실수를 한다는건 있을수 없습니다",2025-04-24 14:53:06.782454+09:00,2025.0,4.0,"['외국인', '위치', '사리', '리필', '무료', '외국인', '번역본', '제공', '실수']"
5,1년 전,미슐랭 맛집. 1980년대부터 변함없는 칼국수와 생강가득한 김치. 콩국수도 맛있게 먹었습니다.,2024-07-24 14:53:06.782454+09:00,2024.0,7.0,"['미슐랭', '맛집', '칼국수', '생강', '김치', '콩국수']"
5,3년 전,"비빔국수는 처음 먹어봤은데 맛있네요. 양념장 적당히 매콤한데 고기간게 들어가 있어서 넘 맵지 않고, 클로렐라면이래요. 면이 되게 부드러워요.
칼국수는 알던 맛이니까
밥, 사리 추가 무료여서 밥 하나 받아서 국물에 말아먹었어요.
칼국수 9천원, 비빔국수 9천원",2022-07-24 14:53:06.782454+09:00,2022.0,7.0,"['비빔국수', '처음', '양념장', '매콤', '기간', '클로렐라', '칼국수', '사리', '추가', '무료', '하나', '국물', '칼국수', '비빔국수']"
3,1년 전,"국물은 맛있는데 면은 약간 불은거 같은느낌이네요.
김치도 예전같지 않고.. 예전의 맛이 안나요",2024-07-24 14:53:06.782454+09:00,2024.0,7.0,"['국물', '약간', '김치', '예전', '예전', '안나']"
5,3년 전,"여기는 12시에 가도 대기를 해야하니 미리 가시는걸 추천 드리고 너무 혼잡해서 여유있게 먹기엔 힘들지만 김치가 마늘향이 강해서 맛이 특이하면서 좋고 메인메뉴들도 맛있습니다. 결재는 선불로 진행되는데 바빠서 회전률 때문인 듯 한데, 선불 방식도 나쁘진 않네요. 명동에 2군데 있고 이태원에도 직영점 오픈했다니 참고하면 좋겠네요",2022-07-24 14:53:06.782454+09:00,2022.0,7.0,"['가도', '대기', '미리', '추천', '여유', '먹기', '김치', '마늘', '메인', '메뉴', '결재', '선불', '진행', '회전', '때문', '선불', '방식', '명동', '군데', '이태원', '직영', '오픈', '참고']"
5,10달 전,"너무나 유명해서 소개가 필요 없겠으나 변하지 않은 맛과 잘 시스템화 된 운영이 훌륭하다.
중국식 울면 같은 칼국수와 같이 나오는 마늘범벅 겉절이로 수십년 간 가끔 방문해온 맛집이다.
칼국수와 비빔국수 시켰는데 만족함.",2024-09-24 14:53:06.782454+09:00,2024.0,9.0,"['소개', '필요', '시스템', '운영', '중국', '울면', '칼국수', '마늘', '범벅', '겉절이', '십년', '가끔', '방문', '맛집', '칼국수', '비빔국수']"
4,4년 전,"명동칼국수랑 명동교자가 다른건가요??
전에 을지로쯤?? 에서 먹던 명동 칼국수랑은
맛이 다른것도 같고",2021-07-24 14:53:06.782454+09:00,2021.0,7.0,"['명동', '칼국수', '명동', '교자', '건가', '을지로', '명동', '칼국수']"
3,3달 전,"옛날 맛이 없어지고,  불맛을 입힌 이상한 맛이 나고, 고소한 맛의 느낌이 없어 졌습니다.
물론, 외국 손님이 많다고, 조금 무례한? 느낌을 받았습니다.
불친절한 느낌이 강하게 들었습니다.",2025-04-24 14:53:06.782454+09:00,2025.0,4.0,"['옛날', '불맛', '느낌', '외국', '손님', '조금', '느낌', '느낌']"
4,2년 전,"유명한 명동칼국수입니다. 맛이 감칠맛이 강하고 뭔가 연한 짜장면향 에 들기름넣은 맛이 나면서 국물이 찐하고 구수하며 맛있습니다.
그런데 먹다보면 물리는 감이 있습니다. ..
만드도 부추들어간 맛있는 만두여서 좋았어요",2023-07-24 14:53:06.782454+09:00,2023.0,7.0,"['명동', '칼국수', '감칠맛', '뭔가', '연한', '짜장면', '들기름', '국물', '만드', '부추', '만두']"
4,수정일: 4년 전,"옛날의 맛을 떠올리며 갔는데
예전보다 육수가 연해지고 불향이 생겨서 뭔가 변한 느낌이에요.
김치도 간이 강했던 것 같은데 마늘 향만 그대로인 듯해요.",2021-07-24 14:53:06.782454+09:00,2021.0,7.0,"['옛날', '예전', '육수', '불향', '뭔가', '느낌', '김치', '간이', '마늘', '그대로']"
4,5달 전,사람이 많아 어수선하고 솔직히 가격대비 만족스럽지는 않아요 김치가 너무 매워요,2025-02-24 14:53:06.782454+09:00,2025.0,2.0,"['사람', '가격', '대비', '김치']"
5,수정일: 2년 전,"요기 정말 오래된 곳인데 가격은 많이 바뀌었지만 맛은 오래전 부터의 맛입니다. 얼마전 방문하니 칸막이도  많아지고, 서빙 로봇도 생겼더라구요..  외국분들도 많고요 국수가 쫄깃하며, 부들부들, 구운 양파에 닭고기 육수와 간 고기, 만두 그리고 매운 김치가 너무 잘 맞습니다 국물에 밥을 안말아 먹고오면 후회",2023-07-24 14:53:06.782454+09:00,2023.0,7.0,"['요기', '정말', '가격', '얼마', '방문', '칸막이', '서빙', '로봇', '외국', '국수', '쫄깃하', '부들부들', '양파', '닭고기', '육수', '고기', '만두', '김치', '국물', '후회']"
4,3년 전,"워낙 유명하고 매니아가 많아서 부연 설명이 필요 없을 듯 합니다.

특유의 담백하고 구수한 욱수에 찰진 면발..",2022-07-24 14:53:06.782454+09:00,2022.0,7.0,"['워낙', '매니아', '부연', '설명', '필요', '특유', '욱수', '면발']"
4,4년 전,세월이 지나도 맛있는 그맛. 칼국수인지 짬뽕인지 헤깔리는 맛이지만 특이해서 기억에 남는곳. 만두는 조기품절되니 빨리 주문하시길,2021-07-24 14:53:06.782454+09:00,2021.0,7.0,"['세월', '칼국수', '짬뽕', '기억', '만두', '품절', '주문']"
5,3년 전,"여름에는 콩국수 먹어요
클로렐라 들어간 면이라 초록색 면이고
뽀얀 콩국물 아니고 간되어 있고 감칠맛 있어서 좋아요",2022-07-24 14:53:06.782454+09:00,2022.0,7.0,"['여름', '콩국수', '클로렐라', '초록색', '국물', '감칠맛']"
4,1달 전,"칼국수 만두 2가지 메뉴는 한번은 먹을만합니다.
주변에 갈 일이 있다면 가는걸추천합니다.",2025-06-24 14:53:06.782454+09:00,2025.0,6.0,"['칼국수', '만두', '가지', '메뉴', '한번', '주변', '추천']"
5,2년 전,칼국수가 이렇게 맛있을 수가 있네요. 한국에서 그동안 먹었던 칼국수의 어나더 레벨인데 그만큼 사람이 너무 많아서 국수가 코로 들어가는지 입으로 가는지는 몰랐지만 일하시는 분들디 생각보다 친절하시고 어마무시하게 빠르십니다.... 왜 이걸 이제 첨 먹어본 걸까요 김치는 좀 매운편이라 맵찔이이신 분들은 조금씩 드시길 추천드립니다.,2023-07-24 14:53:06.782454+09:00,2023.0,7.0,"['칼국수', '수가', '한국', '그동안', '칼국수', '어나더', '레벨', '사람', '국수', '코로', '생각', '어마', '무시', '이제', '김치', '편이', '추천']"
5,2년 전,"외국인이 꼭 한번 가볼 서울의 음식점을 얘기한다면 여름엔 우래옥, 겨울엔 여길 이야기해줄곳
완벽한 칼국수
마늘 김치는 땀을 뻘뻘흘리며 먹을 가치가 있다
면사리추가와 조밥이 무료인 점까지 훌륭하다",2023-07-24 14:53:06.782454+09:00,2023.0,7.0,"['외국인', '한번', '서울', '음식점', '얘기', '여름', '겨울', '이야기', '칼국수', '마늘', '김치', '뻘뻘', '가치', '사리', '추가', '무료']"
3,4년 전,나가사키 짬뽕같은 국물맛의 칼국수와 육즙이 가득한 만두는 맛있음. 근데 마늘맛 밖에 안나는 김치와 개성없는 비빔국수 땜에 별 개 뺍니다.,2021-07-24 14:53:06.782454+09:00,2021.0,7.0,"['나가사키', '짬뽕', '국물', '칼국수', '육즙', '만두', '마늘', '안나', '김치', '개성', '비빔국수']"
4,3년 전,".5

아주 예전에 먹어본 느낌의 그 맛",2022-07-24 14:53:06.782454+09:00,2022.0,7.0,"['아주', '예전', '느낌']"
5,수정일: 3년 전,"칼국수 2,000할때부터 다닌 추억 가득한곳
오랜세월 다녔지만 맛의 변화 없고
양이 많아서 남기는분들 많아서",2022-07-24 14:53:06.782454+09:00,2022.0,7.0,"['칼국수', '추억', '세월', '변화']"
4,3년 전,"가끔은 이집의 면치기가잘넘어가는 면굵기와 부드러운질감 그리울때가 있어 방문합니다.

막상 먹다보면 감격스러운 감정은 금새 사라지죠.
항상 맛있지만.. 요즘 맛있는 집이 너무많은지라..",2022-07-24 14:53:06.782454+09:00,2022.0,7.0,"['가끔', '이집', '치기', '질감', '방문', '막상', '감격', '감정', '항상', '요즘']"
4,10달 전,맛있어요 다소 어수선한 분위기에서 먹어야해서 그게 아쉬웠습니다. 주문하기도 매우 어려웠고 손님에 비해 직원이 많이 부족해보였어요. 장사가 매우 잘되시는거 같은데 그에 맞는 서비스가 필요해 보입니다!,2024-09-24 14:53:06.782454+09:00,2024.0,9.0,"['다소', '분위기', '그게', '주문', '매우', '손님', '직원', '부족', '장사', '매우', '서비스']"
5,1년 전,"진한 국물과 납작만두, 소고기 고명과 부추, 마지막으로 부드럽고 쫄깃한 면이 맛있다. 그리고 빠질수 없는 마늘 김치의 알싼 맛, 조금 부족하면 국수 사리와 공깃밥을 추다하면 뱃속이 든든해진다.",2024-07-24 14:53:06.782454+09:00,2024.0,7.0,"['국물', '납작만두', '소고기', '고명', '부추', '마지막', '쫄깃', '마늘', '김치', '조금', '국수', '사리', '깃밥', '뱃속']"
5,2년 전,"비빔국수, 칼국수, 만두를 주문했다. 익숙한 메뉴들이지만 이곳만의 맛의 포인트가 확실하다. 빠른 회전율 틈새에서 느낄 수 있는 특별한 맛.

비빔국수는 비빔냉면 같은 맛인데 양념에 다진 고기와 마늘이 들어가 있다. 김치에도 마늘이 많이 들어있어서 두 음식을 먹다보면 알싸한 매운맛이 꽤",2023-07-24 14:53:06.782454+09:00,2023.0,7.0,"['비빔국수', '칼국수', '만두', '주문', '메뉴', '포인트', '회전', '틈새', '비빔국수', '비빔냉면', '양념', '고기', '마늘', '김치', '마늘', '음식']"
4,1년 전,"매우 혼잡합니다. 대기줄은 기본이고 오픈런 아니고는 30분 1시간정도 줄서야되요.
손님이 많아서 직원들 엄청 바쁘고 말속도도 빠릅니다.
그래서 불친절하게 느낄 수 있어요.",2024-07-24 14:53:06.782454+09:00,2024.0,7.0,"['매우', '기본', '오픈', '손님', '직원', '말속', '도도']"
5,6달 전,대기는 기본이네요  기대했던 만큼은 아니지만  그래도 맛있게 먹었어요  직원분들 모두 바쁘지만 친절하세요.,2025-01-24 14:53:06.782454+09:00,2025.0,1.0,"['대기', '기본', '직원', '모두']"
5,1년 전,"명동대표하는 집
맛도 그대로네
칼국수지만 국물은 고기맛이",2024-07-24 14:53:06.782454+09:00,2024.0,7.0,"['명동', '대표', '그대로', '칼국수', '국물']"
5,1년 전,"명동오면 꼭 가봐야한다는 미슐랭 맛집! 주말에 갔는데 사람은 많았지만 메뉴 특성상 회전율이 빨라서 그리 오래 기다리지 않아도 됩니다. 인원 수에 따라 들어가는 곳이 나뉘는 것 같고, 앉아서 메뉴를 고르면 선불로 해야하니 참고하세요.",2024-07-24 14:53:06.782454+09:00,2024.0,7.0,"['명동', '미슐랭', '맛집', '주말', '사람', '메뉴', '특성', '회전', '인원', '메뉴', '선불', '참고']"
3,3년 전,"211009 오후 7시 경 방문.

아무래도 코시국이라 유명세만큼의 혼잡함은 없었으나 들어갔을땐 거의 만석이긴 했습니다.",2022-07-24 14:53:06.782454+09:00,2022.0,7.0,"['오후', '방문', '시국', '유명', '거의', '만석']"
5,1년 전,관광객이 많고 바쁘다 보니 주문을 받으러 빨리 안오실때가 있어 보임. 옆테이블이 그랬음. 꼭 자리 안내받을때 주문 같이 하세요! 음식 진짜 금방 나옴. 인생 맛집임. 괜히 미쉐린 별을 받는게 아님! 칼국수 원탑.,2024-07-24 14:53:06.782454+09:00,2024.0,7.0,"['관광객', '주문', '보임', '테이블', '자리', '주문', '음식', '진짜', '금방', '인생', '맛집', '미쉐린', '칼국수']"
5,4년 전,"닭 육수로 깊게 우려낸 최고의 칼국수 집! 명동교자 본점 다른 명동교자와는 솔직히 차원이 달라요   
칼국수 위에 함께 나오는 4개의 미니 만두도 감칠맛 나게 맛나고, 알싸한 마늘 김치와의 조화는 정말 일품입니다  
무료 사리 추가되는거로 알고 있고요 횟수는 잘 모르겠지만 1번은 확실히 되요 ",2021-07-24 14:53:06.782454+09:00,2021.0,7.0,"['육수', '우려', '최고', '칼국수', '명동', '교자', '본점', '다른', '명동', '교자', '차원', '달라', '칼국수', '미니', '만두', '감칠맛', '마늘', '김치', '조화', '정말', '일품', '무료', '사리', '추가', '횟수', '번은']"
4,6년 전," 언제나 사람들로 가득차있음
 1,2층이 있으며 2층이 좌석도 많아서 음식을 먹기에는 괜찮음
 주문 후 바로 결제를 해야됨",2019-07-24 14:53:06.782454+09:00,2019.0,7.0,"['사람', '가득', '좌석', '음식', '먹기', '주문', '바로', '결제']"
2,4달 전,"칼국수 첫입은 맛있으나
볶은양파 때문에 느끼함.
마늘이 많이 들어간 김치도",2025-03-24 14:53:06.782454+09:00,2025.0,3.0,"['칼국수', '양파', '때문', '마늘', '김치']"
5,3년 전,"명동교자는 이젠 너무 유명해서 나만 아는 소소한 맛집이라고 하기엔 좀 그렇...

물론 제가 어렸을 때도 이미 유명한 집이긴 했습니다 중국이랑 일본 관광객들한테 인기가 많은지 그땐 관광객들도 웨이팅 경쟁상대에",2022-07-24 14:53:06.782454+09:00,2022.0,7.0,"['명동', '교자', '맛집', '중국', '일본', '관광객', '인기', '그땐', '관광객', '웨이', '경쟁', '상대']"
5,1년 전,"명동올때마다 들리는곳..
마늘김치가 생각나는 집.",2024-07-24 14:53:06.782454+09:00,2024.0,7.0,"['명동', '마늘', '김치']"
4,1년 전,"10여년 만에 찾은 명동교자.
여전히 맛있어서 반가웠습니다.
콩국수는 처음 먹어봤는데, 땅콩이 섞인 콩물인지 유난히 고소하고 감칠맛이  있어 콩국수를 초보인 동행인도 좋아했어요.",2024-07-24 14:53:06.782454+09:00,2024.0,7.0,"['명동', '교자', '콩국수', '처음', '땅콩', '콩물', '감칠맛', '콩국수', '초보', '동행인']"
4,1년 전,토요일 점심 1시에 도착했는데.. 약 20분 정도 대기했어요.. 역시 맛은 추천합니다.. 양이 조금 줄었는데 사리나 밥이 무료로 추가 가능해요..,2024-07-24 14:53:06.782454+09:00,2024.0,7.0,"['토요일', '점심', '도착', '정도', '대기', '역시', '추천', '조금', '사리', '무료', '추가']"
4,7달 전,명동을 간다면 먹어야하는 음식이라고 생각하는 명동교자 칼국수예요. 걸죽한 국물과 쫀득한 면이 맛있었어요.,2024-12-24 14:53:06.782454+09:00,2024.0,12.0,"['명동', '간다', '음식', '생각', '명동', '교자', '칼국수', '걸죽', '국물', '쫀득']"
4,5달 전,"솔직히 몇년 전에도 맛있었고
지금 다시 먹어도 여전히 맛있습니다
밥말아먹으면 배는 부르지만 맛있네요!",2025-02-24 14:53:06.782454+09:00,2025.0,2.0,"['지금', '다시']"
4,5년 전,"만두는 뭔가 냉동만두를 닮아서 시키지 않았고요 비빔국수랑 칼국수 먹었는데 칼국수맛집 인정
국물이 너무 맛있네요. 면이랑 밥은 무한리필이던데 그것또한 좋았어요",2020-07-24 14:53:06.782454+09:00,2020.0,7.0,"['만두', '뭔가', '냉동', '만두', '비빔국수', '칼국수', '칼국수', '맛집', '인정', '국물', '무한리필', '던데', '그것', '또한']"
5,6년 전,"회사서 먹고싶어서 점심시간에 택시타고감
웨이팅 줄이 많은데요 5분도 안기달리고 자리 안내받음
3명이라 2층으로 줄서있으라고함",2019-07-24 14:53:06.782454+09:00,2019.0,7.0,"['회사', '점심시간', '택시', '타고', '웨이', '달리', '자리', '고함']"
4,3년 전,"이정도 퀄리티에 이정도 가격에 맛은 완전 찐맛입니다.
전국에 퍼저있는 명동 칼국수에서는 왜 이맛 안날까요
코로나때문에 명동 전체분위기가 안좋아도 명동교자는 늘 줄서서 먹는 이유가 있습니다.",2022-07-24 14:53:06.782454+09:00,2022.0,7.0,"['이정', '퀄리티', '이정', '가격', '완전', '전국', '퍼저있는', '명동', '칼국수', '코로나', '때문', '명동', '전체', '분위기', '명동', '교자', '서서', '이유']"
4,4년 전,20년전 처음먹었을때는 왜유명한지는 모르지만 계속생각나서 가게되는 명동교자! 개인적으로 수수밥에 고기고명과 국물같이 먹는것을 좋아한다. 평소 만두는 안좋아하지만 칼국수에 들어있는만두는 좋다고 먹고있음.,2021-07-24 14:53:06.782454+09:00,2021.0,7.0,"['처음', '계속', '가게', '명동', '교자', '개인', '고명', '국물', '평소', '만두', '칼국수', '만두']"
5,5년 전,"미쉐린 가이드 2020빕구르망..
부들부들한 칼국수 면발은 목넘김에 전혀 거스름이 없는..
어떻게 면을 뽑았을까??",2020-07-24 14:53:06.782454+09:00,2020.0,7.0,"['미쉐린', '가이드', '르망', '칼국수', '면발', '넘김', '전혀', '거스름']"
5,4년 전,"유명하다는 소리는 들었지만 대기가 워낙 길어서 많이들 포기했다는 명동 맛집 명동교자!!
현재는 코로나로 어마어마한 대기 줄은 없지만 사람은 꽤 있어요. 자리거리두기와 자리사이에 판을 두셨고 음식 나오기 전까지는 마스크를 쓰고 있어야합니다. 음식이 주문하고 얼마뒤에 등장하니금방 벗게 되실거에요.",2021-07-24 14:53:06.782454+09:00,2021.0,7.0,"['소리', '대기', '워낙', '포기', '명동', '맛집', '명동', '교자', '현재', '코로나', '대기', '사람', '두기', '자리', '사이', '음식', '마스크', '음식', '주문', '얼마', '등장', '금방']"
4,1년 전,항상 같은맛의 칼국수와 마늘향이 가득한 김치를 내주는 교자식당이다.  밥을 시켜서 칼국수와 함께 먹으면 맛있다.,2024-07-24 14:53:06.782454+09:00,2024.0,7.0,"['항상', '칼국수', '마늘', '김치', '교자', '식당', '칼국수']"
5,2년 전,"명동자체도 오랜만에갔는데
명동교자가 외국인한테 많이알려졌나봐요
특히 일본분들이 많았어요",2023-07-24 14:53:06.782454+09:00,2023.0,7.0,"['명동', '자체', '명동', '교자', '외국인', '일본']"
5,수정일: 7달 전,"언제나 변함없는 맛...
들릴 때마다 맛 좋습니다! 양은 좀 줄어든 것 갔네요.
외국인들이 점점 더 많아지는 것 같습니다.",2024-12-24 14:53:06.782454+09:00,2024.0,12.0,"['양은', '외국인', '점점']"
5,6년 전,"칼국수 맛집.
닭육수가 깔끔하고 담백하여 같이 나오는 다소 거칠고 자극적인 김치와 아주 잘어울린다. 부들부들한 면도 이 집 명성에 한몫한듯. 만두는 그저 그런 딱 아는 맛이다. 그렇지만 안시키면 왠지 억울해서 맨날 시킴  웨이팅이 항상 있는 편이지만 금방금방 자리가 나서 웨이팅이 길지는 않다. 좌석",2019-07-24 14:53:06.782454+09:00,2019.0,7.0,"['칼국수', '맛집', '육수', '다소', '자극', '김치', '아주', '면도', '명성', '한몫', '만두', '시킴', '웨이팅', '항상', '편이', '금방', '금방', '자리', '웨이팅', '좌석']"
5,1달 전,사람이 많습니다...메뉴선택은 칼국수 아니면 만두추천합니다...김치가 마늘이 많이들어가서 많이 매워요...,2025-06-24 14:53:06.782454+09:00,2025.0,6.0,"['사람', '메뉴', '선택', '칼국수', '만두', '추천', '김치', '마늘']"
5,6년 전,"2019.06.25 둘이 방문

칼국수와 만두를 먹었다.",2019-07-24 14:53:06.782454+09:00,2019.0,7.0,"['방문', '칼국수', '만두']"
3,수정일: 1년 전,"칼국수 염도가 높은편이고 양이 작음.
서비스 밥은 준비된지 오래되어 딱딱했음. 김치는 제주마늘이 많이 들어간듯 마늘향이 강함. 호불호가 갈릴듯..
그래도, 특색 있음",2024-07-24 14:53:06.782454+09:00,2024.0,7.0,"['칼국수', '염도', '편이', '서비스', '준비', '김치', '마늘', '마늘', '호불호', '특색']"
4,수정일: 2년 전,"코로나 시국에도 문전성시인 국민맛집.
고기육수 등이 가미된 교자칼국수로 중국풍의 맛이 난다.
간단한 구성, 무덤덤한 서빙이지만 충분한 양의 칼국수, 마늘 맛이 강한 김치, 입가심을 위한 자일리톨 껌까지 완벽한 구성!",2023-07-24 14:53:06.782454+09:00,2023.0,7.0,"['코로나', '시국', '시인', '국민', '맛집', '고기', '육수', '가미', '교자', '칼국수', '중국', '구성', '서빙', '칼국수', '마늘', '김치', '입가심', '자일리톨', '구성']"
5,1년 전,"직원분들이 바쁘셔서 주문하는데 좀 해멨다
혼자 갔는데 1인 테이블 있는거 맘에 들었음.
칼국수랑 만두에 23000원 명동치곤 꽤 합리적인 가격인듯
칼국수 자체만으로도 양이 많아서 당황했지만 어찌 다 먹는데 성공..",2024-07-24 14:53:06.782454+09:00,2024.0,7.0,"['직원', '주문', '혼자', '테이블', '칼국수', '만두', '명동', '합리', '가격', '칼국수', '자체', '당황', '어찌', '성공']"
5,10달 전,"밥서비스도 가능하고, 면도 무료로 추가가능하고, 김치도 가능합니다! 맛은 맛대로 최고입니다!!

  1
",2024-09-24 14:53:06.782454+09:00,2024.0,9.0,"['서비스', '면도', '무료', '추가', '김치', '최고']"
1,6달 전,"오늘 5시경 4인 방문함. 분점만 10년 다니고 본점은 처음 방문해서 비교해봄.
기다려야하는건 이해가 됨. 워낙 유명한 곳이니.
이전 손님이 마시고 남은 비어있는 물통이 식탁에 그대로 있음.",2025-01-24 14:53:06.782454+09:00,2025.0,1.0,"['오늘', '방문', '분점', '본점', '처음', '방문', '비교', '이해', '워낙', '이전', '손님', '물통이', '식탁', '그대로']"
4,수정일: 3년 전,"단공 된지 25년 된 칼국수집
예전 맛 그대로인데 가격은 꽤 올랐네요
주문할때 테이블에서 선결제 하고요",2022-07-24 14:53:06.782454+09:00,2022.0,7.0,"['단공', '칼국수', '예전', '그대로', '가격', '주문', '테이블', '결제']"
4,2달 전,평소에도 웨이팅이 무지하게 걸리는 집. 모든 메뉴가 한번쯤 가서 먹어볼만 함.,2025-05-24 14:53:06.782454+09:00,2025.0,5.0,"['평소', '웨이팅', '모든', '메뉴', '한번']"
4,2년 전,"배가 부른 상태에서 들어갔는데도, 만두는 확실히 맛있다는게 느껴졌어요. 피도 얇아서 좋고 만두 속 고기가 특별하게 맛있었어요.

칼국수는 그저 그랬구요. 대기줄이 길어서 2층 3층 까지 줄이 엄청 나더라구요. 하지만 주문하자마자 1분내로 음식이 빨리 나와서 괜찮았어요.",2023-07-24 14:53:06.782454+09:00,2023.0,7.0,"['상태', '만두', '만두', '고기', '칼국수', '주문', '자마자', '음식']"
3,2년 전,"본점과 가까운 분점
튼실한 면발이 특징인 칼국수는 다 풀어져있고
국물은 후추로 향이 다 덮여서 맛이 제대로 안느껴졌다",2023-07-24 14:53:06.782454+09:00,2023.0,7.0,"['본점', '분점', '면발', '특징', '칼국수', '국물', '후추', '제대로']"
5,수정일: 1달 전,언제나 맛있어요진한 고기국물 부드러운면 매운김치 맛있어요,2025-06-24 14:53:06.782454+09:00,2025.0,6.0,"['고기', '국물', '김치']"
5,4년 전,"결제는 선불,
기겁할정도로 맛있다는 아니지만
입에 넣었때 씹을때 삼킬때까지 다 맛있다.",2021-07-24 14:53:06.782454+09:00,2021.0,7.0,"['결제', '선불', '기겁', '정도']"
3,5달 전,칼국수는 많이 싱거워졌고 김치는 마늘소가 많습니다.  사람이 많아져서 불친절합니다. 6명이서 가면 좁은 6자리에 앉으라고 하니 꼭 3명 3명 따로 모르는 팀처럼가서 두자리 앉으시길 권합니다. 국수와 밥은 리필이 됩니다.,2025-02-24 14:53:06.782454+09:00,2025.0,2.0,"['칼국수', '김치', '마늘', '소가', '사람', '이서', '가면', '자리', '하니', '자리', '국수', '리필']"
4,3년 전,"예전에 먹었을땐 교자에서 굴소스나 중국 음식 맛이 나서 의아해 하며 먹었던 기억이있다. 확실히 일반 칼국수나 칼만두 맛을 상상하고 가면 좀더 유산슬 같은 느낌의 맛이 느껴질 때가 있음. 1인 1메뉴를 시키면 국수도, 밥도, 국물도 무한리필이라 대식가들은 진정으로 환영할 만한 집이다. 나쁘지 않게 맛있게 먹었고 특히 김치는 내 최애 스타일인 김치였음.",2022-07-24 14:53:06.782454+09:00,2022.0,7.0,"['예전', '교자', '굴소스', '중국', '음식', '의아', '기억', '일반', '칼국수', '만두', '상상', '가면', '좀더', '유산', '느낌', '메뉴', '국수', '국물', '무한리필', '대식', '진정', '환영', '김치', '최애', '스타일']"
5,4년 전,"칼국수 맛집!
불맛과 진한 맛을 느낄 수 있습니다!
많은 사람들이 좋아하는 맛집!
김치가 많이 맵고, 마늘향이 진짜 강해요!",2021-07-24 14:53:06.782454+09:00,2021.0,7.0,"['칼국수', '맛집', '불맛', '사람', '맛집', '김치', '마늘', '진짜']"
4,6년 전,명동에 오시면 한번쯤 드시길 추천 드려요 가격은 9천원이구요.닭육수가 걸죽하면서도 구수해요.면이나 밥은 무한리필이 되니 국물에 밥 말아서 김치랑 드시면 별미에요,2019-07-24 14:53:06.782454+09:00,2019.0,7.0,"['명동', '오시', '한번', '추천', '가격', '육수', '무한리필', '국물', '김치', '별미']"
3,3년 전,"한 3년만에 방문인것 같은데,
2022년 5월 기준, 칼국수 육수, 면에서 중화요리 향이 너무 강하게 납니다
어렸을때부터 한번씩 왔는데 이런 적은 처음이었네요.
저만 그런줄 알았는데, 옆자리 가족단위 손님들도 똑같은 말하더라구요",2022-07-24 14:53:06.782454+09:00,2022.0,7.0,"['방문', '기준', '칼국수', '육수', '중화요리', '한번', '처음', '가족', '단위', '손님']"
4,5년 전,"1. 칼국수
맛이 상당히 독특하다는 거 인정
짬뽕 향이 나는데 특이함. 헌데.. 국물까지 다 드링킹 해버린..",2020-07-24 14:53:06.782454+09:00,2020.0,7.0,"['칼국수', '인정', '짬뽕', '국물', '드링킹']"
5,1년 전,일요일 11시40분쯤? 방문했는데 웨이팅 줄이 엄청길어서 고민했지만 테이블회전이빨라서 생각보다 빨리 들어가짐. 칼국수 면이 엄청 부드럽고 호불호 없는맛. 비빔과 김치엔 마늘이 엄청많이 들어가서 맛있긴한데 취향은 좀 갈릴듯. 만두는 그냥 평범해서 재방문시엔 굳이 안먹어도 될듯함,2024-07-24 14:53:06.782454+09:00,2024.0,7.0,"['일요일', '방문', '웨이', '고민', '테이블', '회전', '이빨', '생각', '가짐', '칼국수', '호불호', '비빔', '김치', '마늘', '취향', '만두', '그냥', '방문', '시엔', '굳이']"
1,2달 전,"칼국수에 불고기맛이 나는것이 예전과 맛이 달라졌음
명동교자 3인이상 들어가는 후문입구에 서있는 직원분은 상당히 불친절함
외국인들에게도 상당히 불친절함 .내가 민망할정도",2025-05-24 14:53:06.782454+09:00,2025.0,5.0,"['칼국수', '불고기', '예전', '명동', '교자', '이상', '후문', '입구', '직원', '외국인', '정도']"
4,3년 전,"콩국수 4.4
서리태에 다른 견과류도 넣어 고소함이 배가 됨. 면과의 조화가 약간 아쉬움.",2022-07-24 14:53:06.782454+09:00,2022.0,7.0,"['콩국수', '서리', '다른', '견과류', '조화', '약간', '아쉬움']"
5,4년 전,칼국수를 그렇게 좋아하지 않는 편이라 방문을 한 참 망설였던 곳인데 국물을 한 입 넣는 순간 웃음 밖에 나오지 않았습니다. 끝 없이 늘어선 줄의 이유를 알겠더라구요. 얇은 교자의 맛도 좋았고 꼭 기억하실 건 마지막에 밥 말아 드셔야 한다는 겁니다. 드셔 보면 얘기 안 해도 밥이 생각나실 겁니다. 참 공짜입니다 ,2021-07-24 14:53:06.782454+09:00,2021.0,7.0,"['칼국수', '편이', '방문', '국물', '순간', '웃음', '이유', '교자', '기억', '마지막', '얘기', '해도']"
5,2년 전,국물 너무 좋고 면도 맛있고 피만두가 4개 올라가서 교자는 패스  면추가 밥추가 해서 먹으면 푸짐하게 먹을 수 있어요!! 마늘김치까지 곁들이면 중독성 때문에 칼국수 계속 먹게 되네요!!,2023-07-24 14:53:06.782454+09:00,2023.0,7.0,"['국물', '면도', '만두', '교자', '패스', '추가', '추가', '마늘', '김치', '중독', '때문', '칼국수', '계속']"
5,수정일: 4년 전,"야들야들한 면발이 변함이 없네요.
마늘 김치도 먹고나면 또 생각나요.
3숟가락정도의 밥은 달라고하면 주고 1인당 1칼국수 주문시 인원에 맞게 칼국수시키면 사리도 무료로 제공됩니다.
가격은 9,000원입니다.",2021-07-24 14:53:06.782454+09:00,2021.0,7.0,"['면발', '마늘', '김치', '숟가락', '정도', '달라', '고하', '칼국수', '주문', '인원', '칼국수', '사리', '무료', '제공', '가격']"
4,3년 전,"여전히 사람도 많고 어마어마한 속도를 자랑하는 명동교자. 여룸한정의 콩국수와 늘 먹어도 맛있는 교자의 조합. 마늘향 가득한 김치와 어울리는 즐거웠던 시간이었다. 정말 오랫만에 방문했는데 예전과 같은 맛이어서 너무 좋았고, 생각보다 가격도 안오른거 같아서 사람없는 명동을 꾸준히 지켜가주길 바랄 뿐",2022-07-24 14:53:06.782454+09:00,2022.0,7.0,"['사람', '속도', '자랑', '명동', '교자', '정의', '콩국수', '교자', '조합', '마늘', '김치', '시간', '정말', '방문', '예전', '생각', '가격', '사람', '명동']"
5,수정일: 6년 전,"초등학생 때부터 다녔던 집.
닭 육수를 사용한 집인데 그때부터 지금까지 맛이 달라진 적이 없는 집.
예전에는 김치맛이 매번 변했었던것 같은데 어느순간부터 김치맛까지 변하지 않는 집.",2019-07-24 14:53:06.782454+09:00,2019.0,7.0,"['초등학생', '육수', '사용', '그때', '지금', '예전', '김치', '매번', '순간', '김치']"
1,4달 전,"진짜 직원들 어떻게 안되겠어?
너무 불친절해!
관광객들 몰려들어서 돈버니까 사장은 관리안하고 놀러다니나?",2025-03-24 14:53:06.782454+09:00,2025.0,3.0,"['진짜', '직원', '관광객', '돈버', '사장', '관리']"
5,1년 전,맛집의 기준...대기줄이 길긴하지만 금방 들어갑니다. 역시 맛은 있네요. 명동인데 관광객만 가는것이 아닌 일반 사람들도 많이 가는 찐 맛집 만두피도 얇고 칼국수 국물이 진짜 깔끔 그 잡채,2024-07-24 14:53:06.782454+09:00,2024.0,7.0,"['맛집', '기준', '금방', '역시', '명동', '관광객', '일반', '사람', '맛집', '두피', '칼국수', '국물', '진짜', '잡채']"
4,6달 전,고기육수의 조금은 색다른 맛의 칼국수와 그래도 괜찮은 맛의 만두와 비빔국수. 대기가 좀 있었지만 그렇게 오래걸리지않았고  음식도 빠르게 나왔다. 하지만 빠른 자리회전을 위한 다소 부족한 직원들의 응대로 근처에 일이 있으면 가겠지만 굳이 찾아서 먹으러 갈 정도는 아닌것같다.,2025-01-24 14:53:06.782454+09:00,2025.0,1.0,"['수의', '조금', '칼국수', '만두', '비빔국수', '대기', '음식', '자리', '회전', '다소', '직원', '응대', '근처', '굳이', '정도']"
4,7년 전,"사람이 정말 많이 붐비는 곳으로 식사시간대에는 대기를 오래해야한다.

가게도 무척 큰곳이지만 분주한곳",2018-07-24 14:53:06.782454+09:00,2018.0,7.0,"['사람', '정말', '식사', '시간대', '대기', '가게', '무척']"
3,3년 전,"호불호가 갈릴 맛이라 4점은 못줄듯.
장점혼밥하기도 좋고 칸막이, 코로나대비 방역시스템등 체계가 잘 이루어져있다. 1인 1메뉴이상 주문시 사리추가 무료와 공기밥작은거 무료. 마늘 듬뿍들어간 김치와 만두가 맛있다. 이 시국에도 손님으로 붐빔.",2022-07-24 14:53:06.782454+09:00,2022.0,7.0,"['호불호', '갈릴', '장점', '혼밥', '기도', '칸막이', '코로나', '대비', '방역', '시스템', '체계', '메뉴', '이상', '주문', '사리', '추가', '무료', '공기밥', '무료', '마늘', '듬뿍', '김치', '만두', '시국', '손님']"
3,수정일: 2년 전,"일요일 오후 12시 반쯤에 왔는데 생각보다 줄은 별로 안 길었어요.
웨이팅 각오했는데 거의 15분? 기다린듯.
회전율이 진짜 빨랐음...",2023-07-24 14:53:06.782454+09:00,2023.0,7.0,"['일요일', '오후', '생각', '별로', '웨이', '각오', '거의', '회전', '진짜']"
5,4년 전,명동에서 뭐먹을까 생각하면 가장 먼저 떠오르는 음식점이라고 해도 무방하지요. 인적이 한산해져 명동의 많은 음식점이 문닫는 마당에 이곳은 아직 건재한듯 합니다. 메뉴도 간단하여 뭘 먹을까 고민할 시간을 줄일 수 있고 메뉴도 기다렸다는듯 금방나와 먹는데 시간을 아낄 수 있는거 같아서 또 좋아요.,2021-07-24 14:53:06.782454+09:00,2021.0,7.0,"['명동', '생각', '가장', '먼저', '음식점', '해도', '무방', '인적', '명동', '음식점', '마당', '건재', '메뉴', '고민', '시간', '메뉴', '금방', '시간']"
5,9달 전,"진한 국물맛, 육즙많은 만두 음식은 아주 맛있습니다
일단 대기는 어느정도 고려하세여",2024-10-24 14:53:06.782454+09:00,2024.0,10.0,"['국물', '육즙', '만두', '음식', '아주', '일단', '대기', '정도', '고려']"
3,2년 전,"칼국수
명동에 칼국수를 먹으러 왔을때 기대한 바는,
우리나라의 칼칼하고 국물 시원하게 우려내는 칼국수 정통의 맛을 기대했는데...",2023-07-24 14:53:06.782454+09:00,2023.0,7.0,"['칼국수', '명동', '칼국수', '우리나라', '국물', '우려', '칼국수', '정통']"
5,2년 전,평일 점심인데도 불구하고 사람이 진짜 많고 칼국수는 국물이 진하고 면이랑 잘 어울려져서 추운 날씨에 아주 딱 어울려요 비빔국수는 삼삼하면서도 새콤하게 계속 끌리는 맛이에요 워낙 인기 매장이라 정신 없는건 어쩔 수 없지만 맛 때문에 사람들이 계속 가게되는것 같아요 저두 34번째 방문이고요 추천합니다!!,2023-07-24 14:53:06.782454+09:00,2023.0,7.0,"['평일', '점심', '불구', '사람', '진짜', '칼국수', '국물', '날씨', '아주', '비빔국수', '계속', '워낙', '인기', '매장', '정신', '때문', '사람', '계속', '가게', '방문', '고요', '추천']"
5,5년 전,"예전 이름은 명동칼국수
여기다가 내가 뭐라뭐라 적는게 참 부끄러울정도로 너무 유명하고 맛있는집
아무래도 명동에 있다보니 가격이 다른곳에 비해 비싼건 사실이지만 다른곳들은 여기 이집맛이 안난다고 하니 이돈내고 먹을수밖에...",2020-07-24 14:53:06.782454+09:00,2020.0,7.0,"['예전', '이름', '명동', '칼국수', '정도', '명동', '가격', '사실', '여기', '이집', '하니', '이돈']"
1,수정일: 1년 전,"가끔 내가 돈 내고 먹으러 오는건지,
얻어먹으러 오는건지 헷갈릴 때가 있습니다.
바쁘고 복잡하기에  친절은 바라지 않습니다.",2024-07-24 14:53:06.782454+09:00,2024.0,7.0,"['가끔', '친절', '바라지']"
3,1년 전,"점심시간에는 웨이팅이 너무 길어서 포기하고, 이른.저녁으로 갔습니다. 3명 이상은 3층으로 올라가라하셨구요, 칼국수1비빔국수1 주문해서 어른둘이 나눠먹었어요. 배고픈 상태로 가면 양이 적을거같아요.",2024-07-24 14:53:06.782454+09:00,2024.0,7.0,"['점심시간', '웨이팅', '포기', '저녁', '이상은', '칼국수', '비빔국수', '주문', '어른', '상태', '가면']"
5,3년 전,말해뭐해유 무조건맛있쥬 웨이팅 쪼금 있는데 자리 금방금방 나와용. 양이 많아서 사리추가 못 먹는게 안타까워요,2022-07-24 14:53:06.782454+09:00,2022.0,7.0,"['뭐해유', '무조건', '웨이', '쪼금', '자리', '금방', '금방', '사리', '추가']"
5,수정일: 3년 전,양파에서 나오는 불맛나는 국물이 좋네요. 마늘 가득한 매콤한 김치와 잘 어울어집니다.  육즙 많은 만두도 맛있습니다. 비빔양념도 아주 맛있게 잘 먹었습니다.,2022-07-24 14:53:06.782454+09:00,2022.0,7.0,"['양파', '불맛나', '국물', '마늘', '매콤', '김치', '육즙', '만두', '비빔', '양념', '아주']"
5,3년 전,"칼국수와 만두 한판 주문했습니다
칼국수만 한입 먹었을 땐 조금 기름진게 아닐까 싶을 정도인데 마늘향 강한 김치와 같이 먹어보면 둘의 하모니가 입안에 울려퍼집니다. 둘이 함께했을때 이 음식이 완성된다 할 수 있습니다.",2022-07-24 14:53:06.782454+09:00,2022.0,7.0,"['칼국수', '만두', '한판', '주문', '칼국수', '조금', '정도', '마늘', '김치', '하모니', '입안', '음식', '완성']"
5,2년 전,"칼국수 국물은 진한 닭육수에 불맛같은게 살짝 남. 면은 부드럽고 위에 올라간 만두 4개는 만두라기보단 수제비같이 호로록 먹는 재미가 있음.
만두는 돼지고기,부추,후추 맛이 나는 맛있는 만두였음..",2023-07-24 14:53:06.782454+09:00,2023.0,7.0,"['칼국수', '국물', '육수', '불맛', '살짝', '만두', '만두', '수제비', '재미', '만두', '돼지고기', '부추', '후추', '만두']"
5,5년 전,"1,2,3층 500석인데 꽊꽊차서 웨이팅해야함
만두가 10000두라 10000인데 날두는 아님
맛있음! 최소 시간당 천만은 번다!
인원수대로 면을 시키면 칼국수 사리가 무료리필",2020-07-24 14:53:06.782454+09:00,2020.0,7.0,"['꽊꽊차', '웨이', '만두', '최소', '시간', '천만', '인원', '칼국수', '사리', '무료', '리필']"
3,3년 전,"포장해서 먹은 음식
우선 포장은 완벽하게 진공포장되어있어 국물이 세지는 않았음 그러나 포장까는 플라스틱 용기가 없어서 아쉬웠다.",2022-07-24 14:53:06.782454+09:00,2022.0,7.0,"['포장', '음식', '우선', '포장', '진공', '포장', '국물', '세지', '포장', '플라스틱', '용기']"
4,1년 전,"11시1시 방문자제근처직장인점심으로 대기시간 길어짐
칼국수 1만원 맛있음
매장안 좀 소란스럽고 복잡함. 시장분위기.",2024-07-24 14:53:06.782454+09:00,2024.0,7.0,"['방문자', '근처', '직장인', '점심', '대기', '시간', '칼국수', '장안', '소란', '시장', '분위기']"
4,5년 전,"1966부터 장사한 유명한 노포라서 평범한 고기육수의 칼국수일거라 생각했었는데... 예상과는 다른 맛이었어서 좋았음.
고기육수에 따로 볶은듯한 민찌가 올려져있고 양파나 애호박등의 야채를 센불에 볶아서 고명으로 올렸는데 이부분때문에 중화요리를 먹는듯한 불맛을 느낄수 있었음.",2020-07-24 14:53:06.782454+09:00,2020.0,7.0,"['부터', '장사', '노포', '수의', '칼국수', '생각', '예상', '다른', '육수', '민찌', '양파', '애호박', '야채', '고명', '부분', '때문', '중화요리', '불맛']"
4,6년 전,"추억의 맛  오래된 곳 입니다.  여전히 사람이 많고 맛도 그대로이네요.  아마 나이 들어서도 지금을 떠올리면 찾아올 듯 합니다. 국수는 무한리필! 위에 올려진 만두와 고기 고명 제일 좋아합니다.  후루룩  어쩜 이렇게 잘 넘어가는지 눈 깜빡할 사이 없어지네요
여유있게 맛을 음미할 시간이 없는게 흠입니다.",2019-07-24 14:53:06.782454+09:00,2019.0,7.0,"['추억', '사람', '그대로', '아마', '나이', '지금', '국수', '무한리필', '만두', '고기', '고명', '제일', '후루룩', '어쩜', '깜빡', '사이', '여유', '음미', '시간']"
4,3년 전,"음. 고기 국물 좋아하시면 좋으실듯.
개인적으로 고기보다는 시원한
해산물을 즐기는 타입이라서.
그래도 깔끔한 국물입니다",2022-07-24 14:53:06.782454+09:00,2022.0,7.0,"['고기', '국물', '개인', '고기', '해산물', '타입', '국물']"
5,수정일: 2년 전,"내돈내산 리뷰!!
시그니처 김치가 늘 인상적이다. 기름진 국물에 마늘향 진한 배추김치 너무 궁합이 잘 맞네요. 만두는 육즙을 가득 품고 있네요 역시 김치랑 잘 어울려요 단!! 매운맛에 약한분은 김치 비추입니다. 김치가 생각보다 많이 매워요 전 매운맛을 좋아해서 매운맛 좋아하시면 드셔도 좋아요",2023-07-24 14:53:06.782454+09:00,2023.0,7.0,"['리뷰', '김치', '인상', '국물', '마늘', '배추김치', '궁합', '만두', '육즙', '가득', '역시', '김치', '김치', '김치', '생각']"
1,수정일: 2년 전,"주말의 경우 국물은 밍밍하고 면은 푹 퍼져 나오는 등 퀄리티 체크가 안되고 있으며,
김치 또한 마늘의 매운 맛만 날 뿐 김치의 조화로운 맛을 느낄 수 없어
코로나 이전의 명동칼국수를 생각하고 계시던 분들께는 재방문하지 않는 것을 추천합니다.",2023-07-24 14:53:06.782454+09:00,2023.0,7.0,"['주말', '경우', '국물', '밍밍', '퀄리티', '체크', '김치', '또한', '마늘', '김치', '코로나', '이전', '명동', '칼국수', '생각', '방문', '추천']"
5,1년 전,"10년전에 갔을 때랑 지금 갔을때랑 맛이 변하지 않는 점에서
무조건 합격이라고 생각한다.
코로나 시기 제외하고는 계속해서 사람이 많다보니코로나 때도 유일하게 사람들이 모여 있던 곳이 여기였던 거 같은데",2024-07-24 14:53:06.782454+09:00,2024.0,7.0,"['지금', '무조건', '합격', '생각', '코로나', '시기', '제외', '계속', '사람', '코로나', '사람']"
5,수정일: 2년 전,"김치맛이 더 맛나졌다
맵기만 했는데 감칠맛이 두배
콩국물이 담백하고",2023-07-24 14:53:06.782454+09:00,2023.0,7.0,"['김치', '감칠맛', '콩국', '물이']"
5,수정일: 5년 전,"지난 이틀 함께 하지 못한 미안한 맘 명동야시장에서
명동교자, 다이소, 50 상설매장등 실내쇼핑은 모두 만족. 가리비, 오뎅 등 길거리음식은 대부분 가성비대비 그다지",2020-07-24 14:53:06.782454+09:00,2020.0,7.0,"['지난', '이틀', '명동', '야시장', '명동', '교자', '다이소', '상설', '매장', '실내', '쇼핑', '모두', '만족', '가리비', '오뎅', '길거리', '음식', '대부분', '가성', '대비', '그다지']"
4,7년 전,맛에 있어서는 뭐 의심의 여지가 없고. 사람이 너무 많이 몰리는 탓에 접객이 개판이라 별 하나 뺐다. 비빔국수는 그냥 보통. 칼국수와 콩국수는 상급. 만두는 진짜 최상급이다. 칼국수도 칼국수지만 만두를 꼭 먹어야 한다.,2018-07-24 14:53:06.782454+09:00,2018.0,7.0,"['의심', '여지', '사람', '접객', '개판', '하나', '비빔국수', '그냥', '보통', '칼국수', '콩국수', '상급', '만두', '진짜', '최상급', '칼국수', '칼국수', '만두']"
5,2년 전,"여름 콩국수는 반드시 먹어봐야한다! 4월중순부터 11월쯤인가 끝나기 때문에 나는 여름에만 방문한다.

이곳은 14년전 중학교 다닐적부터 먹으러 다니던 나의 최고의 식당.",2023-07-24 14:53:06.782454+09:00,2023.0,7.0,"['여름', '콩국수', '반드시', '때문', '여름', '방문', '중학교', '최고', '식당']"
5,3년 전,"칼국수와 찐만두  시켰는데
별미 네요!",2022-07-24 14:53:06.782454+09:00,2022.0,7.0,"['칼국수', '만두', '별미']"
4,4달 전,김치에 마늘이 너무 많아요,2025-03-24 14:53:06.782454+09:00,2025.0,3.0,"['김치', '마늘']"
5,4년 전,고기국물 고기 국물... 겨울에 든든하고 진하게 한그릇 할수있습니다. 사리도 추가로 줘요 양 부족하신 분들은 더 드세요.  선불 결제입니다.,2021-07-24 14:53:06.782454+09:00,2021.0,7.0,"['고기', '국물', '고기', '국물', '겨울', '그릇', '사리', '추가', '선불', '결제']"
4,수정일: 3년 전,"꽤 맛있는 칼국수를 맛볼수 있음. 단지 방송 타서 맛에 비해 더 고평가된 느낌이 강함. 별 5개 맛집에 들정도는 아닌듯.

개인적으로는 칼칼하고 시원한 느낌을 좋아해서 그럴지도.",2022-07-24 14:53:06.782454+09:00,2022.0,7.0,"['칼국수', '단지', '방송', '평가', '느낌', '맛집', '정도', '개인', '느낌']"
4,4년 전,"하동관과 더불어 명동을 대표하는 집 아닐까. 닭고기 베이스의 육수와 마늘향 가득한 김치, 약간은 얇은 면까지 세월이 지나도 예전과 변함이 없다. 앞의 하동관이 시간에 따라 퀄리티가 떨어져감과 비교해 참으로 다행스럽다. 명동에 별 생각 없이 나갔을 때 먹기 참 좋은 집이다.",2021-07-24 14:53:06.782454+09:00,2021.0,7.0,"['하동관', '명동', '대표', '닭고기', '베이스', '육수', '마늘', '김치', '약간', '세월', '예전', '하동관', '시간', '퀄리티', '비교', '참으로', '다행', '명동', '생각', '먹기']"
3,수정일: 3년 전,"평일 늦은점심 대기줄 없었어요.
2인 자리 앉았는데 자리가 좁아 쭈구리로 먹었어요 ..
칼국수 2개, 만두 1개 널널히 놓을 자리가 없어서 이리저리 틈 만들기 바빴다는....",2022-07-24 14:53:06.782454+09:00,2022.0,7.0,"['평일', '점심', '자리', '자리', '쭈구리', '칼국수', '만두', '자리', '만들기']"
4,3년 전,"오랜만에 들른 명동교자 몇년 전이나 지금이나 맛은 똑같!! 대기줄 조금 있고, 인원수에 따라 직원이 층을 안내해줍니다. 항상 칼국수만 먹다가 콩국수는 처음인데 걸쭉하고 진한 국물맛이 좋네요 면도 쫄깃 !! 육수는 진한 고기맛   알싸한 마늘 김치도 그대로에요",2022-07-24 14:53:06.782454+09:00,2022.0,7.0,"['명동', '교자', '전이', '지금', '조금', '인원', '직원', '안내', '항상', '칼국수', '콩국수', '처음', '국물', '면도', '쫄깃', '육수', '고기', '마늘', '김치', '그대로']"
5,10달 전,진짜 맛있어요. 30분정도 기다려서 4인가족 들어갔는데 너무 정신없고 사람들 기다리고있어서 먹자마자 일어났어요.,2024-09-24 14:53:06.782454+09:00,2024.0,9.0,"['진짜', '가족', '정신', '사람']"
4,2년 전,명동교자 어디인가 했더니 명동칼국수가 이름을 바꾸었네요. 칼국수 맛있는데 여름이라 콩국수. 교자 먹었어요. 진짜 간만에 맛있는 점심,2023-07-24 14:53:06.782454+09:00,2023.0,7.0,"['명동', '교자', '어디', '명동', '칼국수', '이름', '칼국수', '여름', '콩국수', '교자', '진짜', '간만', '점심']"
3,2달 전,"음식은 너무 맛있는데 코로 들어가는지 입으로 들어가는지 모르겠음
테이블간 간격이 너무좁고 불편하고 완전 시장통이 따로 없음
회전이 빠르고 손님이 많다보니 친절한 서비스는 기대하기 어렵고 벨이 없어서 여기요를 소리쳐야함
아무리 맛있어도 재방문의사 일절 없음",2025-05-24 14:53:06.782454+09:00,2025.0,5.0,"['음식', '코로', '테이블', '간격', '완전', '장통', '회전', '손님', '서비스', '기요', '방문', '의사', '일절']"
3,3년 전,"믿음의 이름 명동교자 방문  칼국수 만두 주문
오늘떠러 원래 맛보다 국물릌 야채육수향이 너무 많이 올라왔고 특히 김치가 마늘향이 나는 정도가 아니라 마늘김치 느낌이 들 정도로 간이 세게 배어있었음",2022-07-24 14:53:06.782454+09:00,2022.0,7.0,"['믿음', '이름', '명동', '교자', '방문', '칼국수', '만두', '주문', '오늘', '원래', '국물', '야채', '수향', '김치', '마늘', '정도', '마늘', '김치', '느낌', '정도', '간이']"
5,3년 전,"명동교자 맛나죠 다들 입맛은 같은지 횡한 명동 에도 이곳 명동교자 만큼은 사람들 꽉꽉 입니다  이 추운데 다들 여기 와 있었군요 

명동교자엔 칼국수 먹으러 오지만 저는 오늘 비빔국수 촵촵 맛나요 칼국수 만큼 맛나요 양념에 마늘향이 짙고 면은 쫄깃하고 굵은게 식감이 좋습니다",2022-07-24 14:53:06.782454+09:00,2022.0,7.0,"['명동', '교자', '입맛', '명동', '명동', '교자', '사람', '여기', '명동', '교자', '칼국수', '오지', '오늘', '비빔국수', '촵촵', '칼국수', '만큼', '양념', '마늘', '쫄깃', '식감']"
4,4년 전,호불호 갈릴 수 있는 대만 느낌나는 고기국수. 약간 탄맛이 느껴지고 특유의 차진 면의 식감이 좋다. 사리 추가로 주며 김치 리필만 담당하는 직원이 별도로 상주하는 게 신기.,2021-07-24 14:53:06.782454+09:00,2021.0,7.0,"['호불호', '갈릴', '대만', '고기국수', '약간', '특유', '식감', '사리', '추가', '김치', '리필', '담당', '직원', '별도', '상주', '신기']"
5,1년 전,"사람이 너무많고 자리가 비좁습니다
그런데 음식은 맛있어요..비빔국수 양이 많이 적어진듯해요",2024-07-24 14:53:06.782454+09:00,2024.0,7.0,"['사람', '자리', '음식', '비빔국수']"
5,4년 전,"오랜만에 왔는데 여전히 유명세를 타네요. 맛도 변함이 없구요, 김치에 마늘맛이 좀 강하긴 하나 여전히 잘 먹고 나왔네요. 지인도 만족해 하며 맛나게 먹었습니다.",2021-07-24 14:53:06.782454+09:00,2021.0,7.0,"['유명', '타네', '김치', '마늘', '하나', '지인']"
5,1년 전,"존맛쓰입니당 외국인한테 더 유명한 맛집. 외국인 많아용 주문하면 5분안에 나옴 

So delicious. Especially famous for foreigners. A bit expensive but recommended",2024-07-24 14:53:06.782454+09:00,2024.0,7.0,"['존맛', '외국인', '맛집', '외국인', '주문']"
4,7달 전,"노포느낌으로 책상이 작습니다. 비빔면은 별로였습니다. 양념이 좀 쓴 느낌.
칼국수는 조개보다 고기베이스느낌이었습니다.
김치가 너무 간이 세요. 김치가 맛이없었습니다",2024-12-24 14:53:06.782454+09:00,2024.0,12.0,"['노포', '느낌', '책상', '비빔면', '별로', '양념', '느낌', '칼국수', '조개', '베이스', '김치', '간이', '김치']"
3,2년 전,"칼국수 10,000원 비빔국수 10,000원, 만두 12,000원으로 2명이서 32,000원인데 반해 예전의 맛이 아닌 이제는 그저그런 맛이 되었다.",2023-07-24 14:53:06.782454+09:00,2023.0,7.0,"['칼국수', '비빔국수', '만두', '이서', '예전', '이제']"
5,5년 전,"추억의 맛
20년만에 다시왔는데 더 맛있고
사람도 , 외국인들도 넘넘 많네요.",2020-07-24 14:53:06.782454+09:00,2020.0,7.0,"['추억', '다시', '사람', '외국인']"
4,5년 전,칼국수는 간이 좀 쎈 편이라 호불호가 갈릴 맛. 개인적으론 괜찮았지만 다시 찾진 않을 것 같다. 마늘 향이 강하다. 김치도 매운 편. 음식은 매우 빨리 나옵니다.,2020-07-24 14:53:06.782454+09:00,2020.0,7.0,"['칼국수', '간이', '편이', '호불호', '갈릴', '개인', '다시', '마늘', '김치', '음식', '매우']"
4,수정일: 4년 전,"음식이 빨리나오고 항상 사람이 많아요. 칼국수가 고기 베이스라 맛있어요. 만두는 먹다가 포장가능하며, 직원분에게 밥달라하면 줍니다.",2021-07-24 14:53:06.782454+09:00,2021.0,7.0,"['음식', '항상', '사람', '칼국수', '고기', '베이스', '만두', '포장', '직원', '달라']"
5,3년 전,"몇번째 방문인지도 모르겠어요

날씨가 좀 쌀쌀해져서 늘 먹던 비빔 아니고 칼국수로!!!! 국물부터 대대대박이죠",2022-07-24 14:53:06.782454+09:00,2022.0,7.0,"['몇번', '방문', '인지도', '날씨', '비빔', '칼국수', '국물', '대박']"
4,7달 전,"칼국수가격은 11,000원으로 올랐지만,
추억에 불향나는 칼국수 진한국물맛과 마늘김치는 여전히 중독성 있네요.",2024-12-24 14:53:06.782454+09:00,2024.0,12.0,"['칼국수', '가격', '추억', '불향', '칼국수', '국물', '마늘', '김치', '중독']"
5,4년 전,김치에 마늘맛이 진짜 강해요.. 배추 식감은 좋아요.. 칼국수 국물에 밥 말아 김치랑 먹으면 맛있어요. 1인석이 여러 자리 마련돼 있어요,2021-07-24 14:53:06.782454+09:00,2021.0,7.0,"['김치', '마늘', '진짜', '배추', '칼국수', '국물', '김치', '인석', '여러', '자리', '마련']"
5,6년 전,"교자, 칼국수는 어떻게 만들어야 되는가... 에 대한 답변... 옛날에는 칼국수 하나, 만두 하나 시켜서 면사리 추가해먹는게 기본이었는데 요즘에는 안된다... 김치도 그렇고 새콤한 맛이 남다른데 어떻게 만드는지 궁금... 차별화된 맛 정말 좋다",2019-07-24 14:53:06.782454+09:00,2019.0,7.0,"['교자', '칼국수', '대한', '답변', '옛날', '칼국수', '하나', '만두', '하나', '사리', '추가', '기본', '요즘', '김치', '궁금', '차별', '정말']"
5,3년 전,위에 올라간 고기다짐에서의 향이 유난히 강렬함. 선불이고 밥 사리는 요청시 무료. 콩국수가 의외의 맛. 마늘김치는 여전히 맛있으나 너무매운게 아닌가 싶음. 마늘을 생마늘로 쓰는듯.,2022-07-24 14:53:06.782454+09:00,2022.0,7.0,"['다짐', '선불', '요청', '무료', '콩국수', '의외', '마늘', '김치', '마늘', '마늘']"
5,8년 전,진하다. 닭육수를 바로 알아차리긴 처음. 칼국수 강추. 콩국수는 떨어지진 않으나 다른 곳에서도 맛볼 수 있는 수준. 줄이 길지만 충분히 기다릴 가치가 있는 집.,2017-07-24 14:53:06.782454+09:00,2017.0,7.0,"['육수', '바로', '처음', '칼국수', '강추', '콩국수', '다른', '수준', '가치']"
5,6년 전,"명불허전 명동교자.
푹 퍼진 면을 좋아하는 나로써는 최고의 식사였습니다.
칼국수, 만두, 비빔국수를 1개씩 시켜서 남녀 두명이 먹었습니다.",2019-07-24 14:53:06.782454+09:00,2019.0,7.0,"['명불허전', '명동', '교자', '나로', '최고', '식사', '칼국수', '만두', '비빔국수', '남녀']"
5,수정일: 1년 전,"알싸한 마늘김치가 자꾸 생각나
오랜만에 추억여행하러 방문
장소, 맛 변치 않아줘서 고맙다",2024-07-24 14:53:06.782454+09:00,2024.0,7.0,"['마늘', '김치', '자꾸', '추억', '여행', '방문', '장소', '변치']"
5,3년 전,오랜만의 서울 출장?이어서 아침겸 점심으로 들렀습니다. 일반적인 칼국수 국물이아니라 유산슬?소스 같은 육수입니다. 진하고 맛있습니다. 혼자 먹으러 갔는데 자리들이 잘나뉘어있어서 전혀 불편한것 없이 잘먹고 왔습니다. 김치는 마늘 매운맛이 강해서 입냄새제거용 껌을 한개 줍니다. 회의 있는 분들은 주의 하세요 ,2022-07-24 14:53:06.782454+09:00,2022.0,7.0,"['서울', '출장', '아침', '점심', '일반', '칼국수', '국물', '유산', '소스', '육수', '혼자', '자리', '전혀', '김치', '마늘', '입냄새', '제거', '회의', '주의']"
5,3년 전,"명동에 위치한 굉장히 오래된 맛집 중 하나로 인근에 분점까지 위치해 있음. 처음 가게에 들어서면 좌석을 안내받고, 메뉴를 결정하면 바로 선불로 결제 후 음식을 서빙해주시는 시스템임.
만두는 타 가게 대비 가격이 다소 비쌀 수 있지만 실제 받게되는 만두의 개수 양 와 맛을 본다면 딱히 비싸다고 할 수 없음.",2022-07-24 14:53:06.782454+09:00,2022.0,7.0,"['명동', '위치', '맛집', '하나로', '인근', '분점', '위치', '처음', '가게', '좌석', '메뉴', '결정', '바로', '선불', '결제', '음식', '서빙', '시스템', '만두', '가게', '대비', '가격', '다소', '실제', '만두', '개수']"
4,4년 전,"칼국수포장

원래는 포장이 안 되는데 현재는 코로나 때문에 가능하대서 사왔다. 면까지 익혀서 나오고 사진엔 없지만 매운 김치도 같이 포함됐다. 맛은 당연히 맛있다.",2021-07-24 14:53:06.782454+09:00,2021.0,7.0,"['칼국수', '포장', '원래', '포장', '현재', '코로나', '때문', '대서', '사진', '김치', '포함']"
4,4년 전,"너무 유명한 장소. 코로나에도 불구하고 평일 점심시간에 사람이.. 코 끝을 찌르는 마늘맛이 강하게 느껴지는 김치가 특징. 이번엔 칼국수를 안먹고 콩국수에 도전. 면도 면이지만 콩국물이 맛있어야하는데, 맛은 있었으나 매장 온도때문인지 뭔가 가볍게 하나 더 걸치고 먹었으면 더 좋았을 메뉴. 매년 조금씩 가격이 오른건 아쉬운 부분...",2021-07-24 14:53:06.782454+09:00,2021.0,7.0,"['장소', '코로나', '불구', '평일', '점심시간', '사람', '마늘', '김치', '특징', '이번', '칼국수', '콩국수', '도전', '면도', '콩국', '물이', '매장', '온도', '때문', '뭔가', '하나', '메뉴', '매년', '가격', '부분']"
1,1달 전,"맛있는 음식, 최악의 서비스
종업원들이 너무 짜쯩스럽게 고객 응대.
먹다가 체할뻔 했네요.
절대 추천 안함.",2025-06-24 14:53:06.782454+09:00,2025.0,6.0,"['음식', '최악', '서비스', '종업원', '짜쯩', '고객', '응대', '절대', '추천', '안함']"
5,2년 전,미슐랭 가이드 7회 선정된 식당이라 음식은 역시 너무 맛있다. 짬뽕? 짜장면? 에서 느낄수 있는 중후한 맛이 나는 칼국수. 만두도 샤오롱바오같이 육즙이 가득함. 회전도 빨라서 웨이팅 별로 없었음.,2023-07-24 14:53:06.782454+09:00,2023.0,7.0,"['미슐랭', '가이드', '선정', '식당', '음식', '역시', '짬뽕', '짜장면', '중후', '칼국수', '만두', '샤오롱바오', '육즙', '회전', '웨이', '별로']"
4,6달 전,"워낙 인기 많은 식당이라 혼잡하긴 합니다. 그래도 가끔 한번씩 생각나는 알싸한 마늘향 많이 나는 김치때문에 안갈수가 없어요
서버분들도 빠르시고, 리필도 잘해주시고 좋아요 식사 시간을 약간 빗겨서 가면 거의 기다리지 않고 먹을 수 있어요!",2025-01-24 14:53:06.782454+09:00,2025.0,1.0,"['워낙', '인기', '식당', '가끔', '한번', '마늘', '김치', '때문', '서버', '리필', '식사', '시간', '약간', '빗겨', '가면', '거의']"
4,수정일: 6달 전,"국수와 만두를 먹었다.
2가지 모두 맛있었다.
대기시간이 30분정도였다.",2025-01-24 14:53:06.782454+09:00,2025.0,1.0,"['국수', '만두', '가지', '모두', '시간']"
4,1년 전,"맛은 있는데 명동이라서 아무래도 관광객 대상으로 장사하는 식당이라는게
자리에 앉자마자 뭐 먹을거냐고 물어보고 선불로 주문하면 바로 나오는 칼국수와 만두
가격도 비싼 편이고",2024-07-24 14:53:06.782454+09:00,2024.0,7.0,"['명동', '관광객', '대상', '장사', '식당', '자리', '선불', '주문', '바로', '칼국수', '만두', '가격', '편이']"
2,2년 전,"우선 입구에서 부터 사람이 어마무시하나
매장이 넓고 2층까지 되어있어
회전율은 좋다. 다닥다닥 붙어앉아",2023-07-24 14:53:06.782454+09:00,2023.0,7.0,"['우선', '입구', '부터', '사람', '어마', '무시', '하나', '매장', '회전']"
4,2년 전,웨이팅이 있는 편이지만 국수특성때문인지 회전률이 높아 금방 차례가 온다. 닭육수를 사용해 기대하는 칼국수 맛은 아니나 꽤나 맛있다. 이름이 명동교자인 것 치고 만두는 별 맛이없다. 칼국수에 들어간 만두는 왠지 괜찮았다,2023-07-24 14:53:06.782454+09:00,2023.0,7.0,"['웨이팅', '편이', '국수', '특성', '때문', '회전', '금방', '차례', '육수', '사용', '칼국수', '이름', '명동', '교자', '만두', '칼국수', '만두']"
4,1년 전,"별점으로 평가하기 어려운 집입니다.
오랜시간 인기있는 전통의 강호입니다.
허지만 항상 재방문 의사가 있는 입니다.",2024-07-24 14:53:06.782454+09:00,2024.0,7.0,"['평가', '시간', '인기', '전통', '강호', '허지만', '항상', '방문', '의사']"
5,수정일: 6년 전,"두 달에 한 번씩 꼭 가는 명동내 정말 맛집입니다. 가격이 천원 올라서 9천원이지만, 국수 자체가 푸짐하고 국물맛에서 고기맛이 많이 나며 사리와 밥도 무료로 제공합니다 ",2019-07-24 14:53:06.782454+09:00,2019.0,7.0,"['명동', '정말', '맛집', '가격', '천원', '국수', '자체', '국물', '사리', '무료', '제공']"
4,4년 전,"위에 올라가는
고기가 닭고기인지 어제 방송을 통해 첨 알았음.",2021-07-24 14:53:06.782454+09:00,2021.0,7.0,"['고기', '닭고기', '어제', '방송', '통해']"
4,2년 전,"명동교자 닭 칼국수는 저에게 소울푸드입니다.
입맛없거나 친구들과 명동서 만나면
꼭 들리는 장소.",2023-07-24 14:53:06.782454+09:00,2023.0,7.0,"['명동', '교자', '칼국수', '소울푸드', '입맛', '친구', '명동', '장소']"
5,1년 전,"예전 맛 이랑 차아가 있나 싶기도 하고요.
한국식  국수라 하기보다
중국식 국수 느낌이 많이 들어요 .",2024-07-24 14:53:06.782454+09:00,2024.0,7.0,"['예전', '한국', '국수', '중국', '국수', '느낌']"
4,9달 전,"사람 엄청 많음
꼭 먹을필요는 없지만 먹으면 후회는 안함
김치는 마늘양념이 강하고 칼국수는 뼈국물 육수",2024-10-24 14:53:06.782454+09:00,2024.0,10.0,"['사람', '필요', '후회', '안함', '김치', '마늘', '양념', '칼국수', '국물', '육수']"
5,3년 전,명동에 올 때마다 방문하는 곳. 콩국수는 최고다. 진한 콩국물과 탱글탱글한 클로렐라 면이 잘 어울림. 가게에 써진대로 1인 1메뉴로 주문하면 사리와 밥을 추가로 받을 수 있다.,2022-07-24 14:53:06.782454+09:00,2022.0,7.0,"['명동', '방문', '콩국수', '최고다', '국물', '클로렐라', '어울림', '가게', '메뉴', '주문', '사리', '추가']"
5,1년 전,"40년 전에 자주 갔던 곳
당시에 비해 인기가 좋아 늘 대기줄이 있어 기다려야 하지만...",2024-07-24 14:53:06.782454+09:00,2024.0,7.0,"['자주', '당시', '인기']"
5,4년 전,칼국수와 마늘김치 궁합은 찰떡이에요 만두는 배불러도 꾸역꾸역 들어가네요 명동노른자땅에 오래오래 장사하는 이유가 있어요 국물의 깊은 맛은 good 다먹고 먹는 자일리톨껌도 good 즐거운 점심 먹었습니다,2021-07-24 14:53:06.782454+09:00,2021.0,7.0,"['칼국수', '마늘', '김치', '궁합', '찰떡', '만두', '명동', '노른자', '오래오래', '장사', '이유', '국물', '자일리톨', '점심']"
5,6년 전,"손님이 많아서 혼자가면 합석해야하고 옆 의자에 짐 올려놓는 건 생각도 못함. 테이블 회전속도도 어마어마해서 먹고 바로 일어나야 할 분위기. 그래도 맛은 보장되어 있음. 인원수대로 국수를 주문하면 밥, 면 무한리필 가능하고 김치는 수시로 와서 채워줌.",2019-07-24 14:53:06.782454+09:00,2019.0,7.0,"['손님', '혼자', '가면', '합석', '의자', '생각', '테이블', '회전', '속도', '바로', '분위기', '보장', '인원', '국수', '주문', '무한리필', '김치']"
3,6달 전,시간이 지나도 항상 동일한 맛은  놀랍습니다.  하지만 너무  많은 이용객으로 인하여  서비스 및  분위기는  최악입니다.,2025-01-24 14:53:06.782454+09:00,2025.0,1.0,"['시간', '항상', '이용', '서비스', '분위기', '최악']"
1,1년 전,20년째 단골이지만 키오스크 주문도 별로이고 별관에 있는 직원분 진짜 불친절해서 맘이 상하네요 서비스직은 서비스정신이 없으면 안하는게 낫죠 음식양도 줄었습니다,2024-07-24 14:53:06.782454+09:00,2024.0,7.0,"['단골', '오스', '주문', '별로', '별관', '직원', '진짜', '서비스', '서비스', '정신', '음식', '양도']"
4,8달 전,"1. 지인과 방문하여 칼국수 두개와 만두 한개 주문하여 먹었습니다.2인 기준 거의 비슷한 조합입니다
담백하고 부드러운 맛이 일품입니다.",2024-11-24 14:53:06.782454+09:00,2024.0,11.0,"['지인', '방문', '칼국수', '만두', '주문', '기준', '거의', '조합', '일품']"
5,4년 전,"최고의 맛 칼국수

가격이 조금 부담되나 싶어도",2021-07-24 14:53:06.782454+09:00,2021.0,7.0,"['최고', '칼국수', '가격', '조금', '부담']"
5,1년 전,"40년동안 다니던 맛집입니다.
더이상 설명이 필요 없는 집이며 모두의 맛집이겠지요? 내국인과 외국인의 비율이 73정도는 되는것 같습니다. 예전에 비해 변경된 서비스가 좀 있는듯 싶어요. 확인하시고 방문하시면 실망하지 않겠네요.. 역시나 맛집으로 명동을 굳건히   지키고 있습니다. 자랑스러운 대한민국의 K퓨드라는게 자랑스럽습니다.",2024-07-24 14:53:06.782454+09:00,2024.0,7.0,"['맛집', '이상', '설명', '필요', '모두', '맛집', '외국인', '비율', '정도', '예전', '변경', '서비스', '확인', '방문', '역시', '맛집', '명동', '대한민국', '퓨드']"
4,1년 전,빠른 회전율. 고기 육수 베이스의 칼국수는 약간은 낯설지만 먹을만함. 하지만 찐은 만두. 만두가 속이 꽉 알찬데 맛있음.,2024-07-24 14:53:06.782454+09:00,2024.0,7.0,"['회전', '고기', '육수', '베이스', '칼국수', '약간', '만두', '만두']"
3,수정일: 4년 전,"접객 회전수를 중요시하다보니 서비스는 그저 그렇다.
그럼에도 불구하고 가는 이유는 이집만의 맛이 있기 때문이다.
그 맛!
괜찮다.",2021-07-24 14:53:06.782454+09:00,2021.0,7.0,"['접객', '회전', '중요시', '서비스', '불구', '이유', '이집', '때문']"
5,3년 전,"주말 일요일 점심때라 웨이팅은 길었지만,,리뷰가 좋고 평점이 높은덴 다 이유가 있었어요
하도 다들 명동교자 명동교자 하길래 가봤는데 진심 메뉴 다 맛있었어용
참고로 저희는 넷이서 콩국수, 비빔국수,칼국수,만두 하나씩 시켜서 딱 맞게 배불렀어요.",2022-07-24 14:53:06.782454+09:00,2022.0,7.0,"['주말', '일요일', '점심때', '웨이팅', '리뷰', '평점', '높은덴', '이유', '명동', '교자', '명동', '교자', '진심', '메뉴', '참고', '저희', '넷이', '콩국수', '비빔국수', '칼국수', '만두', '하나']"
4,6년 전,김치는 매운맛이 강해 호불호가 갈립니다. 만두피는 쫄깃하며 육즙이 넘쳐 맛있습니다 비빔면은 다소 맵고 달지만 참기름 맛이 강합니다. 칼국수는 누구나 부담없이 맛있게 먹을수 있습니다,2019-07-24 14:53:06.782454+09:00,2019.0,7.0,"['김치', '호불호', '두피', '쫄깃하', '육즙', '비빔면', '다소', '참기름', '칼국수', '누구', '부담']"
4,7년 전,"Typical and popular Korean style dumplings and noddle.
Come out with Strong garlic flavor Kimchi
Reasonable price",2018-07-24 14:53:06.782454+09:00,2018.0,7.0,[]
4,5년 전,"이러나 저러나해도 아직은 옛맛을 간직하고있는 명동교자
오늘은 눈이옴에도 불구하고 뜨신 국물과 미끄덩한 면발, 매코름함 김치생각에 명동엘 나갔네요.
솔직히 옛맛 100는 아니지만, 그래도 여전히 맛있습니다",2020-07-24 14:53:06.782454+09:00,2020.0,7.0,"['해도', '간직', '명동', '교자', '오늘', '불구', '국물', '면발', '매코름함', '김치', '생각', '명동']"
4,1년 전,"역시 맛있는 고기 육슈의 국수
아직도 알싸한 마늘김치 맛있네요.
처음부터 사리 추가해서 잘 먹었네요",2024-07-24 14:53:06.782454+09:00,2024.0,7.0,"['역시', '고기', '육슈', '국수', '마늘', '김치', '처음', '사리', '추가']"
3,7년 전,"칼국수와 비빔국수 그리고 만두를 시켰다.
맛은 쏘쏘. 고기 육수를 별로 좋아하지 않는 분들은 싫어할 수도 있겠다.
칼국수의 특별함은 알겠으나 먹을 수록 느끼한 맛이 강해져서 물을 계속 마시게 된다.",2018-07-24 14:53:06.782454+09:00,2018.0,7.0,"['칼국수', '비빔국수', '만두', '고기', '육수', '별로', '수도', '칼국수', '수록', '계속']"
5,2년 전,남산과 한옥마을을 걷고 명동으로 칼구수와 만두를 먹었습니다. 점심시간이고 외국 관광객이 많아 웨이팅은 있었지만 맛나게 먹고 왔습니다,2023-07-24 14:53:06.782454+09:00,2023.0,7.0,"['남산', '마을', '명동', '구수', '만두', '점심시간', '외국', '관광객', '웨이팅']"
4,수정일: 7년 전,"명동 하면 생각나는 식당중 하나로 명동칼국수 체인점의 원조랄까?
약간 짭잘한 맛의 칼국수와 속이 꽉 찬 만두는 환상조합.
상대적으로 저렴한 가격도 장점",2018-07-24 14:53:06.782454+09:00,2018.0,7.0,"['명동', '식당', '하나로', '명동', '칼국수', '체인점', '약간', '칼국수', '만두', '환상', '조합', '상대', '가격', '장점']"
5,6년 전,"워낙 많은사람이 오고가는 곳이라
친절함을 기대하긴 어렵지만. 그렇다고 불친절하지도 않아요
예전에  비해 공깃밥 서비스가 11메뉴를 시켜야만 가능한것땜에 불평하시는 분들있지만 그래두 괜찮아요.",2019-07-24 14:53:06.782454+09:00,2019.0,7.0,"['워낙', '사람', '고가', '예전', '깃밥', '서비스', '메뉴', '불평']"
5,5년 전,"어느샌가 미슐랭가이드에 선정된 나의 한국 베스트 3의 맛집
고기베이스 육수의 칼국수와 미친 매력의 김치의 맛이 어우러져 어느새 명동에 갈때마다 무조건 찾게되는 맛집!
심지어 아직까지도 만원이 안넘는 착한가격까지!
항상 잘먹고 있습니다 감사합니다",2020-07-24 14:53:06.782454+09:00,2020.0,7.0,"['미슐랭', '가이드', '선정', '한국', '베스트', '맛집', '고기', '베이스', '육수', '칼국수', '매력', '김치', '명동', '무조건', '맛집', '심지어', '만원', '가격', '항상']"
4,3년 전,"워낙에 유명하고 미쉐린 맛집이라 그 명성이 궁금하여 방문을 했습니다.
듣던데로 닭고기육수 베이스 국물이 깔끔하고 면빨이 탱글탱글 했습니다.",2022-07-24 14:53:06.782454+09:00,2022.0,7.0,"['워낙', '미쉐린', '맛집', '명성', '방문', '닭고기', '육수', '베이스', '국물', '면빨']"
4,5년 전,"명동칼국수 이름이 많아서인지 인제는 명동교자라 부르는가 보다.
대체적으로 맛있어요.
칼국수 진한국물과 약간 부른듯한 면발에 베어있는 국물맛",2020-07-24 14:53:06.782454+09:00,2020.0,7.0,"['명동', '칼국수', '이름', '인지', '인제', '명동', '교자', '체적', '칼국수', '국물', '약간', '면발', '국물']"
4,1년 전,"역사와 전통이 있는 명동교자
오랜만에 방문
칼국수는 익숙한 맛이고",2024-07-24 14:53:06.782454+09:00,2024.0,7.0,"['역사', '전통', '명동', '교자', '방문', '칼국수']"
5,2년 전,"연말에 방문. 평일인데도 사람 많아서 줄서서 기다렸어요 몇년만에 방문한건데 칼국수랑 만두, 마늘김치도 여전히 맛있습니다",2023-07-24 14:53:06.782454+09:00,2023.0,7.0,"['연말', '방문', '평일', '사람', '서서', '방문', '칼국수', '만두', '마늘', '김치']"
2,5달 전,"지인이 좋아하는 장소여서 6번정도 재방문한 했는데 이번에는  구내 식당에서 밥먹는 기분이였어요
좌석이  비좁고 합석 테이블도 많고 넘 불편했고
음식맛도 별로지만 소화가 되지않아 힘들었어요",2025-02-24 14:53:06.782454+09:00,2025.0,2.0,"['지인', '장소', '정도', '방문', '이번', '구내', '식당', '기분', '좌석', '합석', '테이블', '음식', '별로', '소화']"
4,2년 전,"칼국수 만원.
육수는 좀 짠 듯 하고 김치는 좀 매운 듯 하지만 자극적인 맛에 길들여 지면 맛 있을 듯 합니다.
고명은 고기와 양파등이 올려져 있는데 괜찮은 맛 입니다. 평일 11시 20분 쯤이면 이미 줄이 길게 늘어 서네요.",2023-07-24 14:53:06.782454+09:00,2023.0,7.0,"['칼국수', '만원', '육수', '김치', '자극', '지면', '고명', '고기', '양파', '평일']"
5,1달 전,언제가도 맛있는 집. 불맛이 느껴지는 닭육수와 중독성 있는 마늘김치,2025-06-24 14:53:06.782454+09:00,2025.0,6.0,"['가도', '불맛', '육수', '중독', '마늘', '김치']"
5,3년 전,"오래간만에 명동을 나간김에 옛생각이 나서 들렀어요.
진한 국물맛과 중간정도 굵기의 면발..
다만 제가 싱겁게 먹어서 그랬나 국물은 입멋에 조금 짜게 느껴졌어요.",2022-07-24 14:53:06.782454+09:00,2022.0,7.0,"['명동', '생각', '국물', '중간', '정도', '면발', '다만', '국물', '입멋', '조금']"
4,1달 전,확장 이전해서 쾌적해졌어요.,2025-06-24 14:53:06.782454+09:00,2025.0,6.0,"['확장', '이전']"
5,1년 전,"한국에 있는 동안 두번 간 식당!
처음은 10분 정도 웨이팅했고, 두번째는 30분 정도 기다림.. 그래도 기다려서 먹어도 될 만큼 맛있었다!
음식 가격도 생각보다 착한 곳!
너무 맛있었던 좋은 기억이있는 곳! 다음에 또 방문할 예정!",2024-07-24 14:53:06.782454+09:00,2024.0,7.0,"['한국', '동안', '식당', '처음', '정도', '웨이팅했', '두번째', '정도', '기다림', '만큼', '음식', '가격', '생각', '기억', '다음', '방문', '예정']"
4,9달 전,"약간 얇아 부드러운 면, 완탕식 만두가 좀 들어있다. 국물은 양파와 간 고기를 그을려서 맛을 냈는지 진하고 불향이 조금 난다. 이 곳 김치는 톡 쏘는 마늘맛으로 유명하고 먹고 나면 입냄새가 엄청 난다. 웨이팅이 많지만 음식이 금방 나오고 회전률이 빠른 편.",2024-10-24 14:53:06.782454+09:00,2024.0,10.0,"['약간', '완탕식', '만두', '국물', '양파', '고기', '불향', '조금', '김치', '마늘', '입냄새', '웨이팅', '음식', '금방', '회전']"
5,5년 전,"본점에 직접 가서 먹는 게 꿀맛임
선불제 계산이고 주문 계산 완료 후 자일리톨 껌을 인원 수대로 주심
주문하면 칼국수가 빛의 속도로 나옴",2020-07-24 14:53:06.782454+09:00,2020.0,7.0,"['본점', '직접', '꿀맛임', '선불', '계산', '주문', '계산', '완료', '자일리톨', '인원', '주심', '주문', '칼국수', '속도']"
4,3년 전,명동교자 특유의 부드러운 식감과 진한 육수가 가끔 생각나요.  비빔국수랑 김치는 둘다 간이 쎄서 궁합이 안맞는 느낌,2022-07-24 14:53:06.782454+09:00,2022.0,7.0,"['명동', '교자', '특유', '식감', '육수', '가끔', '비빔국수', '김치', '간이', '궁합', '느낌']"
4,5년 전,"칼국수와 만두로 유명한 집.
명동에서 오래도록 외국인들에게 0순위 인기였으나 최근 코로나 여파로 줄안서도 바로 식사할 수 있음.
앞으로는 내국인들도 잘 좀 대접했으면 좋겠음.",2020-07-24 14:53:06.782454+09:00,2020.0,7.0,"['칼국수', '만두', '명동', '외국인', '순위', '인기', '최근', '코로나', '여파', '바로', '식사', '대접']"
5,6달 전,명동 본점의 명동 칼국수입니다. 주문하면 바로나오고요. 옛날 맛이 좀 변화 되았지만외극인 입맛에 맞게? 그래도 맛있어요.,2025-01-24 14:53:06.782454+09:00,2025.0,1.0,"['명동', '본점', '명동', '칼국수', '주문', '바로', '옛날', '변화', '입맛']"
4,7년 전,"근처에 갈일 있다면 방문해볼만하다
항상 사람이 붐비지만 회전율도 좋고
칼국수도 일품이지만 같이 나오는 마늘향 김치도 특색있다",2018-07-24 14:53:06.782454+09:00,2018.0,7.0,"['근처', '방문', '만하', '항상', '사람', '회전', '율도', '칼국수', '일품', '마늘', '김치', '특색']"
5,2년 전,"명동에 가게되면 생각나는곳
마늘맛이 많이나는 김치에 칼국수가 잘어울리고 비빔국수랑 만두도 함께먹으면 맛있어요
전에는 후식사탕도 줬는데 요즘은 없어졌나봅니다",2023-07-24 14:53:06.782454+09:00,2023.0,7.0,"['명동', '가게', '마늘', '김치', '칼국수', '비빔국수', '만두', '후식', '사탕', '요즘']"
4,수정일: 9달 전,"명동교자는 사랑입니다
30년을 넘게 다녔지만, 국물의 찐함이 약해졌지만,
김치맛이 약간 변했지만, 그럼에도 불구하고 저에게 있어서 명동교자는 칼국수에 있어서는 사랑이자 원탑입니다",2024-10-24 14:53:06.782454+09:00,2024.0,10.0,"['명동', '교자', '사랑', '국물', '김치', '약간', '불구', '명동', '교자', '칼국수', '사랑', '이자']"
4,7달 전,명동의 유명한 맛집으로 줄서서 기다려야 먹을수있으며  여종업원도 유창한 영어로 주문받음,2024-12-24 14:53:06.782454+09:00,2024.0,12.0,"['명동', '맛집', '서서', '종업원', '영어', '주문']"
4,6년 전,"개인적으로는 약간 짜장면맛칼국수..? 이런걸불맛이라고하나..?? 완전 내스타일
1인1국수해야 사리무제한이고 만두는속이꽉찼음
다만 선불에 사람들로초만원이라 구석에앉으면 직원부르기어려움.. 편한사람과가세여",2019-07-24 14:53:06.782454+09:00,2019.0,7.0,"['개인', '약간', '짜장면', '칼국수', '걸불맛', '하나', '완전', '스타일', '국수', '사리', '무제한', '만두', '다만', '선불', '사람', '만원', '구석', '직원', '어려움', '사람과', '가세']"
5,3년 전,엄청 유명해서 궁금했는데 칼국수랑 김치는 진짜 짱입니다..! 개인덕으로 겉절이를 별로 언 좋아함에도 김치 맛있고 마늘향이 강했어요. 국물도 여즘 날씨에 딱이에요. 비빔국수도 면 엄청 쫄깃하고 맛있고 교자도 당연히 알차고 맛나요. 가격도 괜찮습니다,2022-07-24 14:53:06.782454+09:00,2022.0,7.0,"['칼국수', '김치', '진짜', '개인', '겉절이', '별로', '김치', '마늘', '국물', '여즘', '날씨', '비빔국수', '쫄깃', '교자', '가격']"
4,2년 전,"CY 오랜시간동안 자리를 지켜온 명동교자. 면발은 부드러운 편이고, 육수가 맛 좋음. 사람이 많아 정신이 없고, 서비스는 문제 없음.",2023-07-24 14:53:06.782454+09:00,2023.0,7.0,"['시간', '동안', '자리', '명동', '교자', '면발', '편이', '육수', '사람', '정신', '서비스', '문제']"
1,3년 전,30년전 맛을 생각하고 딸이랑 함께 갔는데 너무 실망했네요..칼국수 국물도 변했지만 비빔국수는 마늘맛이 너무강했고 김치역시 강한 마늘맛때문에 힘들었답니다...,2022-07-24 14:53:06.782454+09:00,2022.0,7.0,"['생각', '칼국수', '국물', '비빔국수', '마늘', '김치', '역시', '마늘', '때문']"
4,6년 전,"명동의 명물! 명동교자!
해외관광객들의 명소!
보통은 대기가 필요하지만 평일 오후시간에 방문하여 대기 없이 식사 성공. 기본칼국수 1개를 주문하여 국물까지 clear하는 경우 성인남성 1인",2019-07-24 14:53:06.782454+09:00,2019.0,7.0,"['명동', '명물', '명동', '교자', '해외', '관광객', '명소', '보통', '대기', '평일', '후시', '방문', '대기', '식사', '성공', '기본', '칼국수', '주문', '국물', '경우', '성인', '남성']"
3,6년 전,칼국수와 김치 맛은 좋았습니다. 그러나 식사가 아직 다 끝나지 않았는데 급하게 식기를 빼앗아가다시피 치우는 모습은 좋지 않았습니다. 현금영수증도 맨 처음 계산할 때 안 해주셔서 다시 요청했네요.,2019-07-24 14:53:06.782454+09:00,2019.0,7.0,"['칼국수', '김치', '식사', '식기', '모습', '현금영수증', '처음', '계산', '다시', '요청']"
5,2년 전,"처음 들어왔을때 전통적인 분위기가 멋졌다.
그리고 음식 또한 빠르게 나왔으며, 칼국수는 면이 부드럽고 살살 녹는다 그리고 메인은 육수였다. 고기 육수의 진한 맛과 담백한 맛이 내 입맛을 사로잡았다.
1만원이 아깝지 않을 정도다",2023-07-24 14:53:06.782454+09:00,2023.0,7.0,"['처음', '전통', '분위기', '음식', '또한', '칼국수', '살살', '메인', '육수', '고기', '육수', '입맛', '정도']"
5,8년 전,"이곳은 그냥 최고다. 더이상의 말이 필요없을 정도로 너무 훌륭하다. 직원들의 서비스, 매장 내부 환경, 음식 맛 등 모두 훌륭하다. 칼국수의 경우 면과 밥이 무한리필이 가능하며 이곳 김치는 일명 마늘김치라고 불리며 매우 유명하다. 물론 마늘 때문인지 호불호가 뚜렷하다. 음식을 주문하면 금방 나온다.",2017-07-24 14:53:06.782454+09:00,2017.0,7.0,"['그냥', '최고다', '이상', '정도', '직원', '서비스', '매장', '내부', '환경', '음식', '모두', '칼국수', '경우', '무한리필', '김치', '일명', '마늘', '김치', '불리', '매우', '마늘', '때문', '호불호', '음식', '주문', '금방']"
3,3년 전,"줄이길죠. 유명해서. 오랫만에 명동교자 먹어봤어요. 만두피는 얇고 보통. 국수가 독특하니 괜찮았지만 제취향은 아니였습니다. 맛없지 않은데 제취향이 아닌.  전 좀 더 개운한 해물 칼국수를 좋아해서요 .
같이간 지인은 좋아하는 가게 였어요 ",2022-07-24 14:53:06.782454+09:00,2022.0,7.0,"['명동', '교자', '두피', '보통', '국수', '취향', '취향', '해물', '칼국수', '이간', '지인', '가게']"
5,4년 전,김치가 약간 매운데.. 고기 육수맛 좋은. 칼국수와 만두임. 아침에 먹기 좋아요 ,2021-07-24 14:53:06.782454+09:00,2021.0,7.0,"['김치', '약간', '고기', '칼국수', '만두', '아침', '먹기']"
5,2년 전,"몇년만에 가본 명동교자.
여전히 옛날 맛 그대로입니다
추억의 명동칼국수죠.",2023-07-24 14:53:06.782454+09:00,2023.0,7.0,"['명동', '교자', '옛날', '그대로', '추억', '명동', '칼국수']"
4,1년 전,오래전 추억으로 찾은곳 생각보다 훌륭하진 않았지만 나쁘지 않았다. 김치가 너무 진한 마늘과 생김치에 익숙하지 않았고 만두는 너무 맛있었다,2024-07-24 14:53:06.782454+09:00,2024.0,7.0,"['추억', '생각', '김치', '마늘', '만두']"
5,1주 전,"30년을 넘게 다닌 단골집.
맛은 좋은데
테이블 다닥다닥 붙어있고
빨리 먹고 나가야한다는 부담감",,,,"['단골', '테이블', '나가야', '부담']"
4,6년 전,예전엔 맛 없없는데 오랜만에 먹으니까 먹을만 한거 같다. 국물도 진하고 면도 부드럽고. 밥이랑 면 추가도 공짜다. 하지만 서울 내 다른 칼국수 맛집들이 훨씬 맛있다.,2019-07-24 14:53:06.782454+09:00,2019.0,7.0,"['예전', '국물', '면도', '추가', '공짜', '서울', '다른', '칼국수', '맛집']"
1,수정일: 1년 전,"너무 복잡하고 불편했어요
구석에 앉으라해서 갔더니 테이블은 청소가 덜되어 흘린 국물이 그대로 있었어요
앉자마자 너무 빠른 말로 주문받고테이블 닦아주지도 않고 주문한지 30초도 안되서 음식이 나왔어요",2024-07-24 14:53:06.782454+09:00,2024.0,7.0,"['구석', '테이블', '청소', '국물', '그대로', '말로', '주문', '테이블', '주문', '한지', '음식']"
4,6년 전,"일요일 저녁 5시경 명동 나왔다가 5식구가 명동교자 본점에 들렸다.
1층에 만석이어서 엘리베이터 로 3층에서 먹었다.교자 칼국수가 소고기가 많이 들어있는데 9000원이다.
맛도 좋았고 사람이 정말 많었다.",2019-07-24 14:53:06.782454+09:00,2019.0,7.0,"['일요일', '저녁', '명동', '식구', '명동', '교자', '본점', '만석', '엘리베이터', '교자', '칼국수', '소고기', '사람', '정말']"
5,6년 전,1인석이 따로 있어서 웨이팅 있어도 금방금방 줄어요. 칼국수 콩국수 비빔국수 전메뉴 9000원이고 만두는 10000원이에요. 마늘맛 강하게 나는 김치도 맛있고 칼국수 국물도 진해요. 콩국수는 콩만 갈은 것 같지는 않고 다른 곡물도 간 것 같은데 고소하고 맛있어요. 본점 분점 다 맛 똑같아요!,2019-07-24 14:53:06.782454+09:00,2019.0,7.0,"['인석', '웨이', '금방', '금방', '칼국수', '콩국수', '비빔국수', '메뉴', '만두', '마늘', '김치', '칼국수', '국물', '진해', '콩국수', '다른', '곡물', '본점', '분점']"
5,5년 전,"매우매우 맛있는 식당이다. 개인적으로 대한민국에서 먹은 칼국수중에서 가장 특색있고 맛있는 칼국수라고 생각할정도로 훌륭한 식당이다.

육수는 닭육수인거같고 깊고 진하다. 면도 탱글탱글하고 국물과 간이 잘되어있다. 무엇보다 이 식당의 가장 특색있는거는 김치이다. 김치가 매운편이고",2020-07-24 14:53:06.782454+09:00,2020.0,7.0,"['매우', '매우', '식당', '개인', '대한민국', '칼국수', '가장', '특색', '칼국수', '생각', '정도', '식당', '육수', '육수', '면도', '국물', '간이', '무엇', '식당', '가장', '특색', '김치', '김치', '편이']"
4,3년 전,마늘김치 먹으러 가는 명동교자. 코시국에도 주말엔 웨이팅이 한가득. 비빔은 처음먹었는데 새콤 달짝지근 맛있고 칼국수야 워낙 유명하듯 완당과 국수 적당히 걸쭉한 국물의 조합이 최고! 마지막 남은 국물에 공기밥으로 마무리! 만두도 육즙 팡팡. 가까이살면 자주자주 방문하고 싶은곳,2022-07-24 14:53:06.782454+09:00,2022.0,7.0,"['마늘', '김치', '명동', '교자', '시국', '주말', '웨이팅', '비빔', '처음', '달짝', '지근', '칼국수', '워낙', '완당', '국수', '국물', '조합', '최고', '마지막', '국물', '공기밥', '마무리', '만두', '육즙', '가까이', '방문']"
5,4년 전,"국물이 고기향 불향 적당히 조화롭게 섞여있어요.
둘이가서 칼국수, 비빔, 만두 이렇게 먹어도 충분하거요. 부족하면, 사리 추가하세요 강추합니다",2021-07-24 14:53:06.782454+09:00,2021.0,7.0,"['국물', '고기', '불향', '칼국수', '비빔', '만두', '사리', '추가']"
4,5년 전,"기대가 너무 높았는지 기대보다는 쪼금 덜했어요.
그래도 칼국수와 콩국수, 만두 모두 맛있었습니다.
국수는 인원 수 대로 주문하면 추가로 면 사리를 더 먹어볼 수 있습니다!",2020-07-24 14:53:06.782454+09:00,2020.0,7.0,"['기대', '기대', '쪼금', '칼국수', '콩국수', '만두', '모두', '국수', '인원', '대로', '주문', '추가', '사리']"
3,2년 전,"4년만에 다시 와 봤습니다.
이제껏 제가 20년을 다녀왔는데 국물맛이 예전 같지않다는 마음 이였습니다. 오늘은 국물이
너무 짜서.......",2023-07-24 14:53:06.782454+09:00,2023.0,7.0,"['다시', '이제껏', '국물', '예전', '마음', '오늘', '국물']"
5,8달 전,"5살때부터 단골이었던 집이에요. 부드럽게 넘어가는 특별한 면발, 순하면서도 진한 국물, 개운한 고명, 무엇보다 4개의 완탕이 매력적입니다.
함께 먹었던 교자 역시 진하고 고급스러운 만두입니다.
가장 특징적인 것은 마늘이 듬뿍 들어간 진한 양념의 배추 겉절이 입니다. 몸이 안 좋을 때에도 보신이 될 정도로 애정하는 음식입니다.",2024-11-24 14:53:06.782454+09:00,2024.0,11.0,"['살때', '단골', '면발', '국물', '고명', '무엇', '완탕', '매력', '교자', '역시', '만두', '가장', '특징', '마늘', '듬뿍', '양념', '배추', '겉절이', '보신', '정도', '애정', '음식']"
4,6년 전,"한국의 일반적인 칼국수와는 다른 느낌의 맛
담백하지만 약간 짜다. 김치는 매콤한맛의 겉저리고 국수사리와 공기밥은 공짜다.",2019-07-24 14:53:06.782454+09:00,2019.0,7.0,"['한국', '일반', '칼국수', '다른', '느낌', '약간', '김치', '매콤', '저리', '국수', '사리', '공기밥', '공짜']"
5,3년 전,"쌀쌀한 눈바람 부는 날 뜨끈한 국물 생각에 방문했습니다
가끔 생각나는 그 맛 그대로 입니다
저는 큰 불편없이 식사했지만 많은 분들이 서비스는 아쉬워 하는것 같네요",2022-07-24 14:53:06.782454+09:00,2022.0,7.0,"['바람', '국물', '생각', '방문', '가끔', '그대로', '불편', '식사', '서비스']"
5,수정일: 4년 전,"언제나가도 늘 만족스럽다.
비빔국수의 양념이 갈때마다 더욱더 좋아짐
기본으로 제공돼는 면의 양이 적지만 사리추가가 가능하기에 너무도 좋다.
인원수대로 면요리 주문시만 사리추가 가능함. 예전에 가보면 진상들 너무 많았는데  아주 잘한거 같다.",2021-07-24 14:53:06.782454+09:00,2021.0,7.0,"['가도', '비빔국수', '양념', '더욱더', '기본', '제공', '적지', '사리', '추가', '인원', '요리', '사리', '추가', '예전', '진상', '아주']"
4,3달 전,"주말이라 대기가 조금 있었다
음식은 시키자마자 바로 나왔다
장소는 좁고 사람은 많고 직원들은 바뻐서 그런지 친절하진 않았음
",2025-04-24 14:53:06.782454+09:00,2025.0,4.0,"['주말', '대기', '조금', '음식', '바로', '장소', '사람', '직원']"
4,4년 전,"맛있다!!! 칼국수가 전통적인 맛은 아니지만 특색있고 묘하게 계속 생각난다,, 김치는 알싸한 마늘맛이 강한편이다. 비빔국수는 일반적이다.",2021-07-24 14:53:06.782454+09:00,2021.0,7.0,"['칼국수', '전통', '특색', '계속', '김치', '마늘', '편이', '비빔국수', '일반']"
5,수정일: 2년 전,"나는 칼국수 좋아하지 않는데
여기는 가끔 온다.
1인1메뉴 주문시 필요하면 밥하고 국수사리는 공짜다.",2023-07-24 14:53:06.782454+09:00,2023.0,7.0,"['칼국수', '가끔', '메뉴', '주문', '국수', '공짜']"
4,1년 전,"음식은 깔끔하고 비교적 맛있었으나 워낙 이용자도. 많고...
서비스를 기대할 곳은 못 되는 것 같습니다.",2024-07-24 14:53:06.782454+09:00,2024.0,7.0,"['음식', '비교', '워낙', '이용자', '서비스']"
5,3년 전,칼국수는 한국에서 내가 아는곳중에 단연코 탑이라 말할수 있을정도로 다들 맛있다고 하고 그만큼 손님도 많다. 꼭 가보길 추천합니다,2022-07-24 14:53:06.782454+09:00,2022.0,7.0,"['칼국수', '한국', '단연', '정도', '손님', '추천']"
4,6년 전,"호불호 갈리는 명동교자.
불맛나는 국물과 특이한 면의 식감 그리고 마늘김치의 마리아쥬가 좋다.
칼국수라 하기에는 명동교자의 그것은 뭔가 다른 차원이라고 생각한다.",2019-07-24 14:53:06.782454+09:00,2019.0,7.0,"['호불호', '명동', '교자', '불맛나', '국물', '식감', '마늘', '김치', '마리아', '칼국수', '명동', '교자', '그것', '뭔가', '다른', '차원', '생각']"
4,4년 전,칼국수는 고기육수가 독특합니다. 면은 많이 퍼져서 아쉬웠지만 국물맛이 괜찮습니다. 비빔국수는 무난합니다.,2021-07-24 14:53:06.782454+09:00,2021.0,7.0,"['칼국수', '육수', '국물', '비빔국수', '무난']"
2,6년 전,"솔직히 맛은 별로였습니다.칼국수는 짜고 면은 미끌미끌 흐물흐물해서 전분물이 묻어있는 느낌이었어요. 칼국수에 고기,부추,만두,면 이렇게 들어갑니다.짬뽕향이 좀 나요.
시키자마자 5분 이내에 나오는 것같습니다.만두는 국물에 적셔져서 그냥국물맛이에요. 같이나오는 김치는 1메뉴에 하나씩나오는데 마늘향이 강해요.",2019-07-24 14:53:06.782454+09:00,2019.0,7.0,"['별로', '칼국수', '흐물흐물', '전분', '물이', '칼국수', '고기', '부추', '만두', '짬뽕', '이내', '만두', '국물', '국물', '김치', '메뉴', '하나', '마늘']"
5,수정일: 7년 전,진정한 만두 맛집이다. 불향이 밴 국물과 만두를 같이 먹기 위해서라면 정신사나운 명동도 갈 수 있다. 김치는 마늘이 많이 들어가서 입이 맵고 마늘냄새가 입 안에 많이 남아 데이트 시작즈음에 먹기로는 권하지 않는다.,2018-07-24 14:53:06.782454+09:00,2018.0,7.0,"['만두', '맛집', '불향', '국물', '만두', '먹기', '정신', '명동', '김치', '마늘', '마늘', '냄새', '남아', '데이트', '즈음', '먹기']"
4,3달 전,사람이 많아요 사리추가하면 배불리 먹을 수 있습니다 줄 길어도 회전 빠르니 줄 보고 겁먹지 않아도 될듯합니다,2025-04-24 14:53:06.782454+09:00,2025.0,4.0,"['사람', '사리', '추가', '불리', '회전', '보고']"
4,5년 전,오늘같이 비오는데 일부러 명동교자까지 찾아갔네요 많이 와봤지만 이렇게 손님없는거 처음봤어요 칼국수 맛있었고 만두역시 맛있었네요 하지만 별이 4개인 이유는 껌안줘가지구... 직접달라고하니까 주셔서 칼국수 먹고 먹는 자일리톨껌이 제일 맛있던데!!,2020-07-24 14:53:06.782454+09:00,2020.0,7.0,"['오늘', '일부러', '명동', '교자', '손님', '처음', '칼국수', '만두', '역시', '개인', '이유', '직접', '달라', '고하', '칼국수', '자일리톨', '제일']"
1,수정일: 4년 전,"돼지육수로 국물을 만드는듯...
영혼없는 가루맛 국물...
기계로 뽑아서 만든 더 영혼없는 교자..김치는 괜찮음",2021-07-24 14:53:06.782454+09:00,2021.0,7.0,"['돼지', '수로', '국물', '영혼', '가루', '국물', '기계로', '영혼', '교자', '김치']"
5,5년 전,"유명한데는 이유가 있네요.
국물이 처음엔 짜장면 같은데? 라고 생각 했다가 깊은 맛에 넘 좋네요. 그리고 만두도 육즙이 살아있습니다",2020-07-24 14:53:06.782454+09:00,2020.0,7.0,"['이유', '국물', '처음', '짜장면', '생각', '만두', '육즙']"
3,8달 전,"칼국수, 비빔국수 모두 맛은 있어요.
사람이 너무 많아요.
식당 및 식탁 청결에 좀더 신경을 쓰면 좋겠어요.",2024-11-24 14:53:06.782454+09:00,2024.0,11.0,"['칼국수', '비빔국수', '모두', '사람', '식당', '식탁', '청결', '좀더', '신경']"
5,4년 전,"비빔국수 먹어봤는데 양념은 괜찮은거 같은데
다음엔 그냥 칼국수 먹을듯..
만두는 육즙도 풍부하고 맛있음..",2021-07-24 14:53:06.782454+09:00,2021.0,7.0,"['비빔국수', '양념', '다음', '그냥', '칼국수', '만두', '육즙']"
5,4달 전,맛있어요! 공기밥도 말아먹었어요,2025-03-24 14:53:06.782454+09:00,2025.0,3.0,['공기밥']
3,3년 전,"국물이 깔끔하니 맛있었으나 호불호가 갈릴거 같아요
1인 1메뉴시 면 사리 추가 있어서 좋았고 김치가 매웠어요",2022-07-24 14:53:06.782454+09:00,2022.0,7.0,"['국물', '호불호', '메뉴', '사리', '추가', '김치']"
5,6년 전,"칼국수에서 불맛이 나요
역시나 많은 사람들의 사랑을 받는 이유가 있어요.
20년전이나 지금이나 맛있는 곳이에요.",2019-07-24 14:53:06.782454+09:00,2019.0,7.0,"['칼국수', '불맛', '역시', '사람', '사랑', '이유', '지금']"
5,7달 전,"옛맛이 그대로 유지되고 있어서 좋았다..
칼국수 면발이 최고 국물도 맛있고 특이했다
김치 겉절이도 정말 맛있고 옛맛을 간직하고 있었다",2024-12-24 14:53:06.782454+09:00,2024.0,12.0,"['그대로', '유지', '칼국수', '면발', '최고', '국물', '김치', '겉절이', '정말', '간직']"
5,5년 전,역시 명동교자네요. 손님이 끊이질 않아서 옆건물도 빌리고 바로 인근에도 또 가게 내고. 손님 수에따라 층수를 다르게 배정해줘서 회전율이 엄청 빠릅니다. 양도 가격에 비하면 적지 않아 좋습니다.,2020-07-24 14:53:06.782454+09:00,2020.0,7.0,"['역시', '명동', '교자', '손님', '건물', '바로', '인근', '가게', '손님', '층수', '배정', '회전', '양도', '가격', '적지']"
4,2년 전,"만두는 비비고가 보다 못하고
칼국수는 시장에 손칼국수보다 못하다.
국물 맛이 특이하긴 하지만",2023-07-24 14:53:06.782454+09:00,2023.0,7.0,"['만두', '비비고', '칼국수', '시장', '칼국수', '국물']"
5,3년 전,명동교자 스타일의 칼국수는 찾기 힘들어 가끔 명동교자까지 찾아가서 먹을 정도로 맛있습니다. 특유의 고소한 고기고명국물의 걸죽하고 든든한 맛이 최고입니다. 만두도 맛있어서 추천,2022-07-24 14:53:06.782454+09:00,2022.0,7.0,"['명동', '교자', '스타일', '칼국수', '찾기', '가끔', '명동', '교자', '정도', '특유', '고기', '고명국', '물의', '걸죽', '최고', '만두', '추천']"
5,2년 전,"맛있게 잘 먹었습니다.
기둘리는것도 일찍가서 많이 줄서 있진 않았어요 ",2023-07-24 14:53:06.782454+09:00,2023.0,7.0,"['둘리', '일찍']"
4,8년 전,한 번 정도는 와서 먹어볼 만한 곳이다. 가격이 아주 저렴하지는 않지만 쉽게 맛볼 수 없는 맛이다. 식탁이 작고 주로 외국인이 많다.,2017-07-24 14:53:06.782454+09:00,2017.0,7.0,"['정도', '가격', '아주', '식탁', '작고', '주로', '외국인']"
5,4년 전,"오랫만에 갔는데 예전에 먹던 맛 그대로
개인적으로 칼국수 퍼진느낌 좋아하는데
좋고 불향도 나고 알싸한 김치 밥까지 말라서
먹음 완전 든든해요",2021-07-24 14:53:06.782454+09:00,2021.0,7.0,"['예전', '그대로', '개인', '칼국수', '느낌', '불향', '김치', '먹음', '완전']"
5,4년 전,항상 느끼지만 최고입니다. 코로나 시기인데도 여기는 사람이 엄청 많네요. 당분간 매주 가려구요. 콩국수도 진짜 맛있어요!,2021-07-24 14:53:06.782454+09:00,2021.0,7.0,"['항상', '최고', '코로나', '시기', '사람', '당분간', '콩국수', '진짜']"
5,4달 전,눈에띄는장소로이전을했는데 넓고 쾌적합니다음식맛은 여전히 맛있어요,2025-03-24 14:53:06.782454+09:00,2025.0,3.0,"['장소', '이전', '음식']"
5,1년 전,서울가면 꼭들리는곳  기다려서 먹고오는 유일한곳인데 갈때마다 가격이오르고 기다리는줄은 더길어지네요  그래도 맛있어서 먹고와야됨,2024-07-24 14:53:06.782454+09:00,2024.0,7.0,"['서울', '가면', '가격']"
5,수정일: 2달 전,"교자 집 이여서 고기 만두 가 진한 게 맜있어요!
칼국수 도 일품!",2025-05-24 14:53:06.782454+09:00,2025.0,5.0,"['교자', '고기', '만두', '맜있어', '칼국수', '일품']"
5,1년 전,"콩국수 칼국수 정말 맛있었는데 전 거기 김치가 너무 마음에 안 들더군요.
거기 시그니처 김치라고 또 좋아하시는 분들도 계시는지 모르겠지만 마늘도 너무 많이 들어가고 뭐가 맛있는지 모르겠더라는..
관광객들 많던데 직원들이 그분들께 영 친절하지 않더라는..",2024-07-24 14:53:06.782454+09:00,2024.0,7.0,"['콩국수', '칼국수', '정말', '거기', '김치', '마음', '거기', '김치', '마늘', '관광객', '직원']"
5,3년 전,"먹어본 칼국수 중에 제일 맛있었음, 칼국수는 마늘 맛이 느껴지면서도 과하지 않아 국물에서 깊은 맛이 나고 살짝살짝 씹히는 고기가 고소함, 비빔국수는 양념이 자극적이지 않으면서 슴슴하나 자꾸 땡기는 맛임, 여러 곳에 지점이 많으면 좋겠음",2022-07-24 14:53:06.782454+09:00,2022.0,7.0,"['칼국수', '제일', '칼국수', '마늘', '국물', '고기', '비빔국수', '양념', '자극', '슴슴하', '자꾸', '맛임', '여러', '지점']"
5,6년 전,먹어보면 왜 미슐랭인지 알 수 있는 곳.   마늘 맛 진한 육수에 불맛 입힌 고기가 어우러진 칼국수는 최고였다. 만두도 맛있었지만 맛있는 김치가 없었다면 반감 되었을 것.,2019-07-24 14:53:06.782454+09:00,2019.0,7.0,"['미슐랭', '마늘', '육수', '불맛', '고기', '칼국수', '최고', '만두', '김치', '반감']"
3,6년 전,인당 국수 하나씩은 시켜야 사리가 무한리필입니다. 김치는 마늘맛이 많이 나서 전 좋았습니다. 만두는 그럭저럭 맛있었지만 칼국수는 너무 퍼져서 별로였습니다.,2019-07-24 14:53:06.782454+09:00,2019.0,7.0,"['국수', '하나', '사리', '무한리필', '김치', '마늘', '만두', '칼국수', '별로']"
5,4년 전,"2대를 지나 3대까지 여기 명동교자를 찾아가서 먹는다.
아버지 20대부터 나의 40대, 자식의 10대까지...
여기만큼 맛있는 칼국수는 없다.",2021-07-24 14:53:06.782454+09:00,2021.0,7.0,"['지나', '여기', '명동', '교자', '아버지', '자식', '여기', '칼국수']"
5,5년 전,"칼국수 9000원 만두 1판 만원

명동가면 꼭 들르는 집",2020-07-24 14:53:06.782454+09:00,2020.0,7.0,"['칼국수', '만두', '만원', '명동', '가면']"
4,6년 전,"음식은 맛있어요. 칼국수가 대표, 피가 얇은 만두도 맛있습니다. 부족하면 사리와 밥은 더 달라고 하면 됩니다. 다만, 1인 1그릇 주문시에만 가능하다고 하네요. 예전에는 그냥 주셨었었는데 조금 아쉽습니다. 김치는 고추가루와 마들이 많이 들어가있으니 주의하세요!",2019-07-24 14:53:06.782454+09:00,2019.0,7.0,"['음식', '칼국수', '대표', '만두', '사리', '달라', '다만', '그릇', '예전', '그냥', '조금', '김치', '고추', '가루', '주의']"
5,4년 전,"맛있고, 김치가 맵고 마늘, 생강향 팍 튀어나오는 맛! 완전 맛있었다. 만두는 살짝 애매애매 했는디 칼국수는 완전 맛있었다.",2021-07-24 14:53:06.782454+09:00,2021.0,7.0,"['김치', '마늘', '생강', '완전', '만두', '살짝', '애매', '애매', '칼국수', '완전']"
5,8달 전,"Went here while on vacation and it was some of the best dumplings Ive ever had, it really is deserving of its Michelin title.",2024-11-24 14:53:06.782454+09:00,2024.0,11.0,[]
5,1년 전,명동의 영혼같은 곳. 뜨끈한 국물에 김치와 만두 한점이면 피로가 풀어집니다. 언제나 기다려야 하지만 충분히 기다릴만 한 가치가 있습니다.,2024-07-24 14:53:06.782454+09:00,2024.0,7.0,"['명동', '영혼', '국물', '김치', '만두', '피로', '가치']"
5,3년 전,가격은 비싼편이지만 맛은 인정합니다. 마늘 팍팍넣은 김치는 밥이랑 먹어줘야 제맛 비빔국수는 매워요,2022-07-24 14:53:06.782454+09:00,2022.0,7.0,"['가격', '편이', '인정', '마늘', '김치', '비빔국수']"
5,수정일: 1년 전,"닭육수 베이스의 진한 칼국수. 다른 곳의 멸치육수와 완전 다른 풍미의 칼국수집.

Kalguksu based on chicken broth. Kalguksu restaurant with a completely different",2024-07-24 14:53:06.782454+09:00,2024.0,7.0,"['육수', '베이스', '칼국수', '다른', '멸치', '육수', '완전', '다른', '칼국수']"
2,수정일: 1년 전,"중국요리마냥 간이 강하고 향신료도 많이 들어간 냄새가 난다.
간이 너무 강하고 마늘 향이 무지막지하게 강하다.
김치 또한 맵고 마늘 맛이 너무 강하다.",2024-07-24 14:53:06.782454+09:00,2024.0,7.0,"['중국요리', '마냥', '간이', '향신료', '냄새', '간이', '마늘', '무지막지', '김치', '또한', '마늘']"
5,7년 전,"명동교자의 칼국수를 먹었습니다.
면은 푹 익어있었고 후루룩먹기 좋았습니다.
고명으로 올라간 고기와 만두가 국물의 깊이를",2018-07-24 14:53:06.782454+09:00,2018.0,7.0,"['명동', '교자', '칼국수', '후루룩', '먹기', '고명', '고기', '만두', '국물', '깊이']"
5,3년 전,"칼국수와 만두 비빔국수 콩국수를 사계절 즐길수 있는 명동교자를 추천합니다. 마늘향이 식욕을 깨우고 추운 겨울엔 온몸이 따뜻한 뜨끈한국물이 끝내줍니다. 면과 밥을 무료로 리필해주니 이용해 보세요
미슐랭 20172022선정",2022-07-24 14:53:06.782454+09:00,2022.0,7.0,"['칼국수', '만두', '비빔국수', '콩국수', '사계절', '명동', '교자', '추천', '마늘', '식욕', '겨울', '온몸', '국물', '무료', '리필', '이용', '미슐랭', '선정']"
5,2달 전,언제 먹어도 변함없는 맛! 김치는 매콤하네요,2025-05-24 14:53:06.782454+09:00,2025.0,5.0,"['언제', '김치', '매콤']"
5,3년 전,"여긴 언제 오나 맛있어요
코로나임에도 불구하고 사람은 어느정도 있고
많이 줄서서 먹을정도는 아닙니다",2022-07-24 14:53:06.782454+09:00,2022.0,7.0,"['언제', '코로나', '불구', '사람', '정도', '서서', '정도']"
5,1년 전,특유의 맛이 있는 칼국수 입니다. 손님이 많아서 대기는 필수이나 금방 자리가 납니다.,2024-07-24 14:53:06.782454+09:00,2024.0,7.0,"['특유', '칼국수', '손님', '대기', '필수', '금방', '자리']"
5,4년 전,칼국수계의 지존이랄까... 최고봉 같네요. 마늘을 듬뿍 갈아넣은 김치가 이곳의 특징이죠,2021-07-24 14:53:06.782454+09:00,2021.0,7.0,"['칼국수', '지존', '최고봉', '마늘', '듬뿍', '김치', '특징']"
2,6년 전,"지나다 눈에띄고 엄청 길게 줄서있어서...전에 아시는 분이 맛있다고해서...20분정도 기다렸다 들어간 곳...음식 빨리나옴...칼국수와 만두...칼국수에도 만두나옴...본 만두보다 모양 크기 다름..
칼국수는 너무 느끼하고....시원한 맛은 없고",2019-07-24 14:53:06.782454+09:00,2019.0,7.0,"['아시', '고해', '음식', '칼국수', '만두', '칼국수', '만두', '만두', '모양', '크기', '칼국수']"
5,3년 전,"기다리기가 좀 짜증나지만.. 맛있어서 싹 풀려요.
강추 만두도 칼국수도 맛있어요. 어른들은 더 좋아할맛.",2022-07-24 14:53:06.782454+09:00,2022.0,7.0,"['강추', '만두', '칼국수', '어른']"
3,수정일: 6년 전,"신속, 정확...맛도 그대로.
대신 추억만 가득할뿐 편한 식사장소는 아니죠.
한달에 3번이상, 1년에 최소 20번은 가는것 같은데",2019-07-24 14:53:06.782454+09:00,2019.0,7.0,"['신속', '정확', '그대로', '대신', '추억', '식사', '장소', '이상', '최소', '번은']"
1,3년 전,음 맛은 그냥저냥 괜찮았는데 가격도 좀 그렇고 서비스가 너무 불만족스러웠습니다. 선불인지도 몰랐는데 주문을 하니 다짜고짜 얼마라며 돈 달라고 해서 급하게 카드 찾는데 빨리 좀 달라며 짜증내며 닥달을 하시더라구요 나갈 때도 인사도 없으시고 정신없고 바쁘신건 알겠는데 이런거 괜찮으시면 가면 될 것 같네요 저는 다시 안갈듯,2022-07-24 14:53:06.782454+09:00,2022.0,7.0,"['가격', '서비스', '불만족', '선불', '인지도', '주문', '하니', '다짜고짜', '얼마', '라며', '달라', '카드', '달라', '짜증', '닥달', '인사', '정신', '신건', '가면', '다시']"
4,6년 전,"옛날에 비하면 김치가 조금 싱거워졌고,  만두는 한쪽으로 밀려서 왔다. 그래서 만두피가 다 터졌다. 서빙문제인듯해서 그냥 넘어갔다.
요즘 겨울 시즌이라 방문객이 항상 엄청밀린다.
칼국수도 만두도 최고지만 역시  마늘김치를 좋아하는데, 홀도 주방도 인원이 새로 교체되서 그런지 맛이 좀 변했다.",2019-07-24 14:53:06.782454+09:00,2019.0,7.0,"['옛날', '김치', '조금', '만두', '한쪽', '두피', '서빙', '문제', '그냥', '요즘', '겨울', '시즌', '방문객', '항상', '칼국수', '만두', '최고', '역시', '마늘', '김치', '주방', '인원', '교체']"
1,6달 전,"서빙하시는 분들끼리 갑질이 장난 아닙니다
아무한테나 너 너그러다 분을 못참고
너 따라나와.나가서 5분동안 갈구고 들어오고",2025-01-24 14:53:06.782454+09:00,2025.0,1.0,"['서빙', '끼리', '장난']"
4,6년 전,"일단, 미슐랭 가이드 식당답게 맛은 훌륭한데, 손님이 많아서 그런지, 대응은 조금 느린듯. 만두, 김치가 정말 맛있고, 아쉬운건 강남교자는 밥도 주는데, 명동교자는 없습니다. 그리고, 가격은 조금 비싼거 같네요.",2019-07-24 14:53:06.782454+09:00,2019.0,7.0,"['일단', '미슐랭', '가이드', '식당', '손님', '대응', '조금', '만두', '김치', '정말', '강남', '교자', '명동', '교자', '가격', '조금']"
5,1년 전,유명하다해서 처음 먹으러갔는데 맛은 괜찮았지만 좁은 자리에 모르는 사람 옆테이블과 따닥따닥 붙어앉아야하는게 불편했습니다.,2024-07-24 14:53:06.782454+09:00,2024.0,7.0,"['처음', '자리', '사람', '테이블', '따닥따닥']"
4,9달 전,맛있음. 괜히 맛집으로 소문난게 아님. 선불로 자리에 앉기 전에 주문부터 하라고 함. 종업원은 바빠서 그런지 그닥 친절하지는 않게 느껴짐. 김치나 면사리 등 추가 주문은 제대로 들어갔는지 확인해야함.,2024-10-24 14:53:06.782454+09:00,2024.0,10.0,"['맛집', '선불', '자리', '주문', '하라', '종업원', '그닥', '김치', '사리', '추가', '주문', '제대로', '확인']"
4,11달 전,"둘이가서 칼국수, 비빔국수에 만두하나 먹으면 딱 좋다. 대기 줄에서 기다리면 금방 자리가 나는편이다. 주문부터 결제 식사까지 빠른 속도로 진행된다. 외국인들은 한국의 빠른 문화를 여기서 직접 체험해 볼 수 있다!",2024-08-24 14:53:06.782454+09:00,2024.0,8.0,"['칼국수', '비빔국수', '만두', '하나', '대기', '금방', '자리', '편이', '주문', '결제', '식사', '속도', '진행', '외국인', '한국', '문화', '여기', '직접', '체험']"
5,1년 전,"명동의 명소라 설명이 필요 없을 듯하네요.
딱 한가지 아무리 대기 줄이 길어도 쫄지말고 줄서세요. 금방 들어갑니다.
꼭이요.",2024-07-24 14:53:06.782454+09:00,2024.0,7.0,"['명동', '명소', '설명', '필요', '한가지', '대기', '쫄지', '금방']"
5,2년 전,칼국수랑 만두 맛있습니다. 손님들 정말 많이 오지만 회전률 좋습니다.,2023-07-24 14:53:06.782454+09:00,2023.0,7.0,"['칼국수', '만두', '손님', '정말', '오지', '회전']"
5,1년 전,명동 갈때마다 들리는 곳이죠 이번에 필리핀 티쳐가 한국에 오게 되어 데리고 갔는데 너무 맛있게 잘 먹었습니다 옆에 여자 둘 각각 만두 한판씩 시켜먹는 일본인들이 있었는데 제가 칼국수 국물 좀 주시면 안되냐 했더니 칼같이 거절하시더라구요 그래서 제가 칼국수 리필하면서 국물 나눠줬더니 너무 좋아했어요,2024-07-24 14:53:06.782454+09:00,2024.0,7.0,"['명동', '이번', '필리핀', '한국', '데리', '여자', '각각', '만두', '한판', '일본인', '칼국수', '국물', '주시', '거절', '칼국수', '국물']"
2,8달 전,"매번 한국 방문할대마다 왔는데
추억의 음식으로 남도록 하겠읍니다
기다리다 들어가 시장바닥 보다 못한",2024-11-24 14:53:06.782454+09:00,2024.0,11.0,"['매번', '한국', '방문', '대마', '추억', '음식', '읍니', '장바닥']"
5,2년 전,"50년 전 그대로 그 맛!
닭육수에 겉절이배추김치!
아직도 대기인원 많아요.",2023-07-24 14:53:06.782454+09:00,2023.0,7.0,"['그대로', '육수', '겉절이', '배추김치', '대기', '인원']"
3,5년 전,30년전에 가보고 오늘 재방문  칼국수가짬뽕으로 변해가는느낌이네요..야채에서불맛이나고요..명동 칼국수가 명동교자로 오래동안 사랑받고 미슐랭스타도인정받는 맛집이지만..중국이나외국여행객들 입맛으로 변해가는 맛 이네요.. 예전에 먹었던 진한 고기육수의 걸쭉한 칼국수가 아니고 불맛나는 고기 짬뽕국물같은 맛으로 변해서 아타까워요,2020-07-24 14:53:06.782454+09:00,2020.0,7.0,"['오늘', '방문', '칼국수', '짬뽕', '느낌', '야채', '불맛', '고요', '명동', '칼국수', '명동', '교자', '동안', '미슐랭', '스타', '맛집', '중국', '외국', '여행객', '입맛', '예전', '수의', '칼국수', '불맛나', '고기', '짬뽕', '국물', '아타']"
4,5년 전,"명동교자 명동 마늘김치 칼국수
비빔국수 만두
오랫만에 먹으니 맛있네요",2020-07-24 14:53:06.782454+09:00,2020.0,7.0,"['명동', '교자', '명동', '마늘', '김치', '칼국수', '비빔국수', '만두']"
5,3년 전,일요일 점심때도 많았네요. 사람들이 이젠 제법 많이 명동에도 있네요. 빨리 코로나 안정되어서 사람들이 더 바글바글거렸으면 좋겠네요. 아무일도 없었던 거처럼,2022-07-24 14:53:06.782454+09:00,2022.0,7.0,"['일요일', '점심때', '사람', '제법', '명동', '코로나', '안정', '사람', '렸으', '일도']"
5,3년 전,어렸을땐 정말 별로였는데 사랑하는사람과 가서 그런지 깔끔하고 맛있더라고요 특히 만두랑김치!!!!!본점인줄알고 갔던 곳이 1호점이었다는 새로운사실도 알게됐습니다,2022-07-24 14:53:06.782454+09:00,2022.0,7.0,"['정말', '별로', '사랑', '사람과', '만두', '김치', '본점', '줄알', '호점', '사실']"
5,3년 전,"맛있어요
늘 한결 같이 김치 맛있어요
칼국수사리,  밥 사리도 서비스로 제공돼서",2022-07-24 14:53:06.782454+09:00,2022.0,7.0,"['한결', '김치', '칼국수', '사리', '사리', '서비스', '제공']"
3,2년 전,빨리 회전은 되는편이지만 사람이 너무 많고 자리도 진짜 너무 좁네요. 맛은 칼국수보다은 광동식 우육탕같고 만두도 그래요. 맛은 있는평인데 가격이나 기다릴 정도는 절대 아니예요.,2023-07-24 14:53:06.782454+09:00,2023.0,7.0,"['회전', '편이', '사람', '자리', '진짜', '칼국수', '광동', '우육', '만두', '가격', '정도', '절대']"
5,8달 전,"추억의 맛!!
밀키트가 없는것이 참아쉬움.
만두는 고기가 많이 들어있지만 잡내가 전혀나지 않음.칼국수와 김치의 조합이 무척좋음.
서비스도 신속 정확!!",2024-11-24 14:53:06.782454+09:00,2024.0,11.0,"['추억', '키트', '아쉬움', '만두', '고기', '전혀', '칼국수', '김치', '조합', '무척', '서비스', '신속', '정확']"
4,7년 전,예전엔 비싼가격이였지만 주변 가격이 전부 오르면서 평범해진 가격이다 칼국수 8000원 비빔국수 8000원 만두 10000원 1인1국수시 사리와 밥은 무한리필해준다. 김치는 매우 맵나 개인적으로 마늘향이 아주 진한 매운김치 좋음,2018-07-24 14:53:06.782454+09:00,2018.0,7.0,"['예전', '가격', '주변', '가격', '전부', '가격', '칼국수', '비빔국수', '만두', '수시', '사리', '무한리필', '김치', '매우', '개인', '마늘', '아주', '김치']"
5,2년 전,"부드러운 면,적절한 간,
먹다보면 혀가 아려오는 마늘김치,
밥과 면 사리 추가 서비스까지
줄을 서더라도 먹게 되는 집입니다.",2023-07-24 14:53:06.782454+09:00,2023.0,7.0,"['마늘', '김치', '사리', '추가', '서비스']"
5,7달 전,빠른 회전 맛있는 국수 특별한 김치!! 마늘을 쏟아부은 김치는 먹고나서 오래가는 냄새 하지만 너무 맛있는음식들!!,2024-12-24 14:53:06.782454+09:00,2024.0,12.0,"['회전', '국수', '김치', '마늘', '김치', '냄새', '음식']"
4,수정일: 1년 전,"더 이상 안 가도 될 것같은 서비스와 분위기, 이렇게 서울 음식 추억의 장이 또 지나가네요. 아쉽습니다. 명동교자의 추억",2024-07-24 14:53:06.782454+09:00,2024.0,7.0,"['이상', '가도', '서비스', '분위기', '서울', '음식', '추억', '명동', '교자', '추억']"
5,2년 전,관광지 느낌의 사람 많은 음식점이고 유명한걸로 유명한 줄 알았는데 상당히 맛있게 먹었다 서울 30년살고 명동 20분거리에 사는데 지금까지 뭘했는가 부모님모시고 한번 다시가봐야겠다,2023-07-24 14:53:06.782454+09:00,2023.0,7.0,"['관광지', '느낌', '사람', '음식점', '서울', '명동', '지금', '부모님', '모시', '한번', '다시']"
5,3년 전,"칼국수는 이곳이 진리
여기와서는 꼭 칼국수가 진리
둘이 서로 다른거 시켜서 나눠먹으려했다간 의상해요.",2022-07-24 14:53:06.782454+09:00,2022.0,7.0,"['칼국수', '진리', '여기', '칼국수', '진리', '서로', '의상']"
3,7년 전,칼국수8000 만두10000 선불.김치와면 무료추가가능.주말은1000북적이고 테이블회전이빠름. 가격이많이오름..,2018-07-24 14:53:06.782454+09:00,2018.0,7.0,"['칼국수', '만두', '선불', '김치', '무료', '추가', '가능', '주말', '북적', '테이블', '회전', '가격', '오름']"
4,5년 전,"명성에 비해서 평범한 맛이지만
그래도 맛은 있음
가격은 착하지 않지만 명동인걸 감안하면 쏘쏘",2020-07-24 14:53:06.782454+09:00,2020.0,7.0,"['명성', '가격', '명동', '감안']"
5,5년 전,언제나 맛있는 김치를 내어주는 명동교자 가격이 오른거는 시장 물가의 반영인가 그 만큼 내 나이가 먹었단 뜻인가 4500원이었는데 어느새 2배,2020-07-24 14:53:06.782454+09:00,2020.0,7.0,"['김치', '명동', '교자', '가격', '시장', '물가', '반영', '만큼', '나이']"
5,4달 전,"명동 맛집
국수에 앏은 만두가 들어가 있다
약간 불맛이 나는 짬뽕 맛, 양파가 많이 들어감
대기하고 먹는 집",2025-03-24 14:53:06.782454+09:00,2025.0,3.0,"['명동', '맛집', '국수', '만두', '약간', '불맛', '짬뽕', '양파', '대기']"
5,수정일: 9달 전,"혼자가도 맛있게 먹을수있는곳

인당 하나씩 주문해야해서
소식러들은 만두포장으로 해달라고해야할듯?",2024-10-24 14:53:06.782454+09:00,2024.0,10.0,"['혼자', '가도', '하나', '주문', '만두', '포장']"
5,5달 전,"칼국수 탑 , 만두 탑
흠잡을게없다..",2025-02-24 14:53:06.782454+09:00,2025.0,2.0,"['칼국수', '만두']"
3,6년 전,"마늘맛이 예전보다 더 강해진듯
맛은 비슷 사람은 여전히 많고 중국인들이 많은것같음 못보던게 있어서 시켜봤는데 소소",2019-07-24 14:53:06.782454+09:00,2019.0,7.0,"['마늘', '예전', '비슷', '사람', '중국인']"
2,5달 전,거의 20년만에 왔는데. 항상 한 번 가야지 하던 마음을 싹 날렸어요. 너무 중국인들 입맛에 맞게 변한 게 아닌가 싶어요. 이젠 안녕,2025-02-24 14:53:06.782454+09:00,2025.0,2.0,"['거의', '항상', '가야', '마음', '중국', '입맛', '안녕']"
5,5년 전,"칼국수와 비빔국수를 먹어보았습니다, 칼국수는 국물이 진하고 만두가 몇개들어있고 면은 퍼진것같은데 퍼지지않은 쫄깃함이 있었습니다, 전반적으로 좋았습니다, 대기는 있으나 내부회전이 빨라서 금방 자리납니다,",2020-07-24 14:53:06.782454+09:00,2020.0,7.0,"['칼국수', '비빔국수', '칼국수', '국물', '만두', '몇개', '쫄깃함', '전반', '대기', '내부', '회전', '금방', '자리']"
1,1년 전,"비위생적인 더러운 서비스로 변질됨.

1층 12인석,",2024-07-24 14:53:06.782454+09:00,2024.0,7.0,"['비위생적', '서비스', '변질', '인석']"
4,4년 전,사람이 매우 많습니다. 매우매우 많으면 분점으로 가셔도 될것같습니다. 여름한정 콩국수도 별미입니다. 사리추가는 무료이지만 미리 주문하시는게 좋아요,2021-07-24 14:53:06.782454+09:00,2021.0,7.0,"['사람', '매우', '매우', '매우', '분점', '여름', '한정', '콩국수', '별미', '사리', '추가', '무료', '미리', '주문']"
4,수정일: 6달 전,외국사람이 더 많이 오네요. 현관에서 안내하시는 분은 너무 강압적이네요. 기분 별로. 30년 넘게 다니는데 맛도 계속 변하는것 같아요. 아마도 원가를 줄이는 방향으로 가서 그런것 같네요 아쉬운 맘이 크네요.,2025-01-24 14:53:06.782454+09:00,2025.0,1.0,"['외국', '사람', '현관', '안내', '강압', '기분', '별로', '계속', '원가', '방향']"
3,6달 전,비빔국수가 맛있어요,2025-01-24 14:53:06.782454+09:00,2025.0,1.0,['비빔국수']
5,4년 전,"볶은 고기에서 나오는 특별한 칼국수 국물.
김치는 마늘을 좀 줄여도 될듯",2021-07-24 14:53:06.782454+09:00,2021.0,7.0,"['고기', '칼국수', '국물', '김치', '마늘']"
5,5년 전,칼국수 대한민국 최고맛집이죠. 비빔국수도 맛이좋습니다. 국수는 무한적으로 리필 가능하답니다. 칼국수는 진한 닭육수이고 물만두 4개가 들어 있어요,2020-07-24 14:53:06.782454+09:00,2020.0,7.0,"['칼국수', '대한민국', '최고', '맛집', '비빔국수', '국수', '무한', '리필', '칼국수', '육수', '물만두']"
4,6년 전,명동에 가면 꼭 가는 집입니다. 국물이 진득하니 맛있습니다. 약간은 짜다고 느낄 수 있습니다. 밥을 달라고해서 같이 드시면 더욱 맛있습니다.,2019-07-24 14:53:06.782454+09:00,2019.0,7.0,"['명동', '가면', '국물', '진득', '약간', '달라', '고해', '더욱']"
4,7년 전,"변치않는 그맛 그대로 
콩국수도 맛 있어요 콩국수는 여름메뉴라 10월10일까지만한대요",2018-07-24 14:53:06.782454+09:00,2018.0,7.0,"['그대로', '콩국수', '콩국수', '여름', '메뉴']"
5,5년 전,"선불방식이고 혼자먹는 사람들을 위한 공간도 마련되어있어요 ! 칼국수 뭔가 국물이 맑아서 맛있었어요
주문하면 식사빨리 준비돼서 나옵니다",2020-07-24 14:53:06.782454+09:00,2020.0,7.0,"['선불', '방식', '혼자', '사람', '공간', '마련', '칼국수', '뭔가', '국물', '주문', '식사', '준비']"
5,5년 전,"제일 좋아하는 칼국수집입니다
언제 먹어도 좋아요!",2020-07-24 14:53:06.782454+09:00,2020.0,7.0,"['제일', '칼국수', '언제']"
5,수정일: 3년 전,너무 유명한곳이라 늘 붐벼요. 음식들이 맛있어요. 가격도 부담없구요. 직원분들도 친절하고 좋았어요.,2022-07-24 14:53:06.782454+09:00,2022.0,7.0,"['음식', '가격', '부담', '직원']"
4,6년 전,"전 명동교자 좋아해요  나오자마자 먹느라 다 먹고난 사진 올립니다.  시간 잘못가면 오래 기다려야 하구요 요즘엔 한국인보다 외국인이 더 많아요. 아, 1인석도 있어서 혼밥하기에도 너무 좋아요.",2019-07-24 14:53:06.782454+09:00,2019.0,7.0,"['명동', '교자', '사진', '시간', '잘못', '가면', '요즘', '한국인', '외국인', '석도', '혼밥']"
4,2년 전,"비도 오고 바람 불어 추운 날씨
너무 많은 사람들을..모두 다 먹일 수 있다는게 대단하다
진한 육수에 부드러운 면발
따뜻한 칼국수 좋았다",2023-07-24 14:53:06.782454+09:00,2023.0,7.0,"['비도', '바람', '불어', '날씨', '사람', '모두', '육수', '면발', '칼국수']"
5,6년 전,서울에서 먹은 집 중에서 아주 만족스러웠습니다 칼국수라 우습게 봤는데 잘 만든 짬뽕 한 그릇 먹은 느낌입니다 점심시간 지나면 웨이팅 없이 먹을 수 있어요 강력 추천합니다,2019-07-24 14:53:06.782454+09:00,2019.0,7.0,"['서울', '아주', '칼국수', '짬뽕', '그릇', '느낌', '점심시간', '웨이', '강력', '추천']"
3,7년 전,"1.닭육수로 맛을 낸 충청도식 칼국수라 하네요! 칼국수는 특색 있고 맛있습니다.

2.흰색 플라스틱 찜기에 내오는 만두!! 좋은 재료를 쓴다고는 하지만 참기름으로 마무리한 미끄덩하고 오일리하고 겉도는 마지막 맛에는",2018-07-24 14:53:06.782454+09:00,2018.0,7.0,"['수로', '충청도', '칼국수', '칼국수', '특색', '흰색', '플라스틱', '만두', '재료', '참기름', '마무리', '일리', '겉도', '마지막']"
4,3년 전,"미슐랭이라가봤는데 비빔면 특이하네요, 확실한건 만두 맛있어요,, 만두먹으로가세요",2022-07-24 14:53:06.782454+09:00,2022.0,7.0,"['미슐랭', '비빔면', '만두', '만두', '가세']"
5,3년 전,"칼국수 최고! 만두 최고!! 마늘 김치 최고!
볶은 양파가 많이들어간 고기국 느낌",2022-07-24 14:53:06.782454+09:00,2022.0,7.0,"['칼국수', '최고', '만두', '최고', '마늘', '김치', '최고', '양파', '고기', '느낌']"
4,6년 전,"너무 먹고싶어서 오랜만에 방문!
양이 굉장히 푸짐합니다
김치는 매우니 조심
맛있어요",2019-07-24 14:53:06.782454+09:00,2019.0,7.0,"['방문', '김치', '매우', '조심']"
4,6년 전,중국음식같은. 내가생각한 칼국수 맛은 아닌데 맛있음. 단점은 김치가 맛이 너무쌔서 김치먹으면 칼국수맛아 안남..,2019-07-24 14:53:06.782454+09:00,2019.0,7.0,"['중국음식', '생각', '칼국수', '단점', '김치', '너무쌔', '김치', '칼국수', '안남']"
4,1년 전,"대기시간이 1020분정도 걸리네요.
음식은 양이 전보다 줄은듯해요.
맛은 있습니다.",2024-07-24 14:53:06.782454+09:00,2024.0,7.0,"['시간', '음식', '전보', '듯해']"
5,6년 전,"김치 마늘맛 엄청 나니까 취향 안 타는 분도 있으실 듯.
8000원이라 한끼 좀 부담스럽기도한데 육수 면 다 리필되서 좋아요",2019-07-24 14:53:06.782454+09:00,2019.0,7.0,"['김치', '마늘', '취향', '분도', '기도', '육수', '리필']"
5,1년 전,대만친구에게 추천 받아서 갔던 식당임. 웨이팅 1.2분? 되게 더웠는데 매장은 시원쾌적...가게 들어가면 시원한 콩국수 먹으려고 했는데 에어컨 빵빵해서 칼국수 먹음. 만두도 칼국수도 매우 맛남,2024-07-24 14:53:06.782454+09:00,2024.0,7.0,"['친구', '추천', '식당', '웨이', '매장', '시원', '쾌적', '가게', '콩국수', '에어컨', '빵빵', '칼국수', '먹음', '만두', '칼국수', '매우', '맛남']"
4,7달 전,"주말이라 사람 너무 많네요
조금정신이 없었어요
마늘향이 너무 쎄요",2024-12-24 14:53:06.782454+09:00,2024.0,12.0,"['주말', '사람', '조금', '정신', '마늘']"
5,4년 전,"완탕면 느낌의 칼국수와 피가 얇은 고기만두가 특징인 가게 입니다.
맛있고 배부릅니다.
가성비 생각하면 소호정 보다는 낫네요",2021-07-24 14:53:06.782454+09:00,2021.0,7.0,"['완탕', '느낌', '칼국수', '고기', '만두', '특징', '가게', '가성', '생각', '호정']"
4,1년 전,조금 복잡하고 친절하지는 않지만 필요한 만큼 설명은 해주십니다. 맛은 보통.,2024-07-24 14:53:06.782454+09:00,2024.0,7.0,"['조금', '만큼', '설명', '보통']"
5,3년 전,"늘 맛있는 곳이에요.
만두도 꿀맛!
진한 국물 맛이 너무 맛있어요.",2022-07-24 14:53:06.782454+09:00,2022.0,7.0,"['만두', '꿀맛', '국물']"
3,8년 전,맛은 그럭저럭 괜찮으나 가격이 너무 비쌈. 그리고 김치의 마늘맛이 매우 강함. 맛이 궁금하면 한번쯤 가봐도 좋지만 두 번은 안갈듯..,2017-07-24 14:53:06.782454+09:00,2017.0,7.0,"['가격', '김치', '마늘', '매우', '한번', '번은']"
4,6년 전,칼국수의 국물이  육향으로 진하고 만두도 좋고 대기줄은 금방 빠집니다,2019-07-24 14:53:06.782454+09:00,2019.0,7.0,"['칼국수', '국물', '만두', '금방']"
3,1달 전,"사람이 너무 많고 직원들 불친절하고
예전이 좋았어요. 맛도 예전같지않음",2025-06-24 14:53:06.782454+09:00,2025.0,6.0,"['사람', '직원', '예전', '예전']"
5,1달 전,"가끔씩 생각나는 맛
마늘맛 가득한 겉절이
국물에 밥말아먹기",2025-06-24 14:53:06.782454+09:00,2025.0,6.0,"['가끔', '마늘', '겉절이', '국물']"
3,1달 전,대기줄은 겁나긴데 막상 먹어보니. 그리맛있는줄은. 잘모르겠음,2025-06-24 14:53:06.782454+09:00,2025.0,6.0,['막상']
4,4년 전,"상당히 맛있게먹었는데 같이간 친구들이 전에왔을땐 전보다 국물이 묽다고 합니다
다음에 다시방문했을때 진한 국물맛 느껴보고 싶습니다",2021-07-24 14:53:06.782454+09:00,2021.0,7.0,"['이간', '친구', '전보', '국물', '다음', '다시', '방문', '국물', '보고']"
4,4년 전,맛있게 먹었고 특히 국물이 굉장히 인상적이었어요. 김치는 마늘맛이 너무 강한듯.,2021-07-24 14:53:06.782454+09:00,2021.0,7.0,"['국물', '인상', '김치', '마늘']"
3,6년 전,만두 조온맛탱 !! 비빔은 그럭저럭이구 칼국수는 제입맛엔 나쁘지 않았지만 멸치냄새 많이나는거 싫어하시는 분들은 그닥  저는 가격대비 아쉬웠답니다 만두 비싸지만 맛있어요 ,2019-07-24 14:53:06.782454+09:00,2019.0,7.0,"['만두', '비빔', '이구', '칼국수', '입맛', '멸치', '냄새', '그닥', '가격', '대비', '만두']"
5,수정일: 3년 전,"김치 그릇이 바뀌었네요...
닭육수 베이스... 변함없는 맛... 만두도 굿... 알싸한 마늘 김치 예술",2022-07-24 14:53:06.782454+09:00,2022.0,7.0,"['김치', '그릇', '육수', '베이스', '만두', '마늘', '김치', '예술']"
5,3년 전,"여긴 진짜 인정!!
퍼지지않은 면발에 시원한 국물
또먹고싶네요",2022-07-24 14:53:06.782454+09:00,2022.0,7.0,"['진짜', '인정', '면발', '국물']"
5,3년 전,"명동교자는 1966년 서울 중구 수하동에서 한옥을 개조하여 칼국수를 팔던 장수장이 그 시작입니다. 이 때 닭육수에 애호박, 양파를 기본으로 하는 닭칼국수를 개발하며 당시 서울에서 가장 번화하였던 명동으로 이전하였고 그 유명세에 전국에 명동칼국수란 이름의 가게가 난립하자 1978년 명동교자로 상호를 변경한 것이 현재에 이르고 있습니다.",2022-07-24 14:53:06.782454+09:00,2022.0,7.0,"['명동', '교자', '서울', '중구', '수하동', '개조', '칼국수', '장수', '시작', '육수', '애호박', '양파', '기본', '닭칼국수', '개발', '당시', '서울', '가장', '명동', '이전', '유명', '전국', '명동', '칼국수', '이름', '가게', '난립', '명동', '교자', '상호', '변경', '현재']"
5,3년 전,"칼국수. 명동하면 명동교자가 생각날만큼 최고의 맛집 입니다.
양도 엄청 많고 진한 국물.. 그리고 김치가 일품 입니다.",2022-07-24 14:53:06.782454+09:00,2022.0,7.0,"['칼국수', '명동', '명동', '교자', '최고', '맛집', '양도', '국물', '김치', '일품']"
4,10달 전,"어릴때는 그래도 줄서서 먹지는 않았던거 같은데 몇년전부터 줄 서서 먹고는 이제는 오픈시간에 맞춰서 방문했더니 2,30분만에 바로 만석이 되버리는 곳",2024-09-24 14:53:06.782454+09:00,2024.0,9.0,"['서서', '년전', '서서', '이제', '오픈', '시간', '방문', '바로', '만석']"
5,3년 전,"맛있습니다! 꼭 한번은 가보길 추천 드립니다.
칼국수,  만두 조합 에 마늘김치의 콜라보 
추천 드립니다",2022-07-24 14:53:06.782454+09:00,2022.0,7.0,"['한번', '추천', '칼국수', '만두', '조합', '마늘', '김치', '콜라보', '추천']"
2,3년 전,"국물이 짜고 한국칼국수가 아니라 중국칼국수같은 맛이네요
안매운짬뽕국물맛이에요
만두는 아무데서나 파는 일반적인 만두맛..",2022-07-24 14:53:06.782454+09:00,2022.0,7.0,"['국물', '한국', '칼국수', '중국', '칼국수', '짬뽕', '국물', '만두', '서나', '일반', '만두']"
5,6달 전,"외국인 관광객도 많이 방문하는 명동의 오래된 맛집. 밥, 국수가 부족하면 추가로 무료 제공 됩니다.",2025-01-24 14:53:06.782454+09:00,2025.0,1.0,"['외국인', '관광객', '방문', '명동', '맛집', '국수', '추가', '무료', '제공']"
5,7년 전,"너무 맛있었습니다! 계산은 선불로 진행되며 만두가 정말 맛있습니다
근처에 있다면 꼭 다시 가고싶습니다",2018-07-24 14:53:06.782454+09:00,2018.0,7.0,"['계산', '선불', '진행', '만두', '정말', '근처', '다시']"
5,1년 전,"말모임
시간이 지나도 변함없는 맛
음식받자마자 면추가에 밥까지 한그릇 뚜딱
매콤한 마늘김치과 걸죽한 칼국수 환상궁합",2024-07-24 14:53:06.782454+09:00,2024.0,7.0,"['모임', '시간', '음식', '추가', '그릇', '매콤', '마늘', '김치', '걸죽', '칼국수', '환상', '궁합']"
4,7년 전,"맛은 변치 않는거같아 좋아요. 만두도 너무 맛있구요
그런데, 친절하진 않구요. 외국인 관광객이 너무 많아졌어요.
맛은 쭉 변함없었으면 합니다",2018-07-24 14:53:06.782454+09:00,2018.0,7.0,"['변치', '만두', '외국인', '관광객']"
5,수정일: 2년 전,"웨이팅은 기본 맛은 호불호가 있지만
한번먹으면 계속 생각나는 맛
사리까지 추가해서 국물 다 먹고나왔습니다",2023-07-24 14:53:06.782454+09:00,2023.0,7.0,"['웨이팅', '기본', '호불호', '한번', '계속', '사리', '추가', '국물']"
